<?xml version="1.0" encoding="UTF-8" ?>
<!DOCTYPE sqlMap PUBLIC "-//ibatis.apache.org//DTD SQL Map 2.0//EN" "http://ibatis.apache.org/dtd/sql-map-2.dtd" >
<sqlMap namespace="t12uorga" >
  <resultMap id="BaseResultMap" class="pe.gob.sunat.recurso2.humano.sancion.model.UnidadOrg" >
    <result column="t12cod_uorga" property="t12codUorga" jdbcType="CHAR" />
    <result column="t12des_uorga" property="t12desUorga" jdbcType="VARCHAR" />
    <result column="t12des_corta" property="t12desCorta" jdbcType="CHAR" />
    <result column="t12f_vigenci" property="t12fVigenci" jdbcType="DATE" />
    <result column="t12f_baja" property="t12fBaja" jdbcType="DATE" />
    <result column="t12cod_nivel" property="t12codNivel" jdbcType="CHAR" />
    <result column="t12cod_categ" property="t12codCateg" jdbcType="CHAR" />
    <result column="t12cod_subpr" property="t12codSubpr" jdbcType="CHAR" />
    <result column="t12ind_aplic" property="t12indAplic" jdbcType="CHAR" />
    <result column="t12cod_anter" property="t12codAnter" jdbcType="CHAR" />
    <result column="t12ind_estad" property="t12indEstad" jdbcType="CHAR" />
    <result column="t12cod_jefat" property="t12codJefat" jdbcType="CHAR" />
    <result column="t12cod_encar" property="t12codEncar" jdbcType="CHAR" />
    <result column="t12cod_repor" property="t12codRepor" jdbcType="CHAR" />
    <result column="t12tipo" property="t12tipo" jdbcType="CHAR" />
    <result column="t12f_graba" property="t12fGraba" jdbcType="TIMESTAMP" />
    <result column="t12cod_user" property="t12codUser" jdbcType="CHAR" />
    <result column="t12ind_lima" property="t12indLima" jdbcType="CHAR" />
    <result column="cod_dpto" property="codDpto" jdbcType="CHAR" />
    <result column="cod_sede" property="codSede" jdbcType="SMALLINT" />
  </resultMap>
  
  <sql id="Example_Where_Clause" >
    <iterate property="oredCriteria" conjunction="or" prepend="where" removeFirstPrepend="iterate" >
      <isEqual property="oredCriteria[].valid" compareValue="true" >
        (
        <iterate prepend="and" property="oredCriteria[].criteriaWithoutValue" conjunction="and" >
          $oredCriteria[].criteriaWithoutValue[]$
        </iterate>
        <iterate prepend="and" property="oredCriteria[].criteriaWithSingleValue" conjunction="and" >
          $oredCriteria[].criteriaWithSingleValue[].condition$
            #oredCriteria[].criteriaWithSingleValue[].value#
        </iterate>
        <iterate prepend="and" property="oredCriteria[].criteriaWithListValue" conjunction="and" >
          $oredCriteria[].criteriaWithListValue[].condition$
          <iterate property="oredCriteria[].criteriaWithListValue[].values" open="(" close=")" conjunction="," >
            #oredCriteria[].criteriaWithListValue[].values[]#
          </iterate>
        </iterate>
        <iterate prepend="and" property="oredCriteria[].criteriaWithBetweenValue" conjunction="and" >
          $oredCriteria[].criteriaWithBetweenValue[].condition$
          #oredCriteria[].criteriaWithBetweenValue[].values[0]# and
          #oredCriteria[].criteriaWithBetweenValue[].values[1]#
        </iterate>
        )
      </isEqual>
    </iterate>
  </sql>
  
  <select id="selectByExample" resultMap="BaseResultMap" parameterClass="pe.gob.sunat.recurso2.humano.sancion.model.UnidadOrgExample" >
    select t12cod_uorga, t12des_uorga, t12des_corta, t12f_vigenci, t12f_baja, t12cod_nivel,
      t12cod_categ, t12cod_subpr, t12ind_aplic, t12cod_anter, t12ind_estad, t12cod_jefat,
      t12cod_encar, t12cod_repor, t12tipo, t12f_graba, t12cod_user, t12ind_lima, cod_dpto, cod_sede
    from t12uorga
    <isParameterPresent >
      <include refid="t12uorga.Example_Where_Clause" />
      <isNotNull property="orderByClause" >
        order by $orderByClause$
      </isNotNull>
    </isParameterPresent>
  </select>
  
  <select id="selectByPrimaryKey" resultMap="BaseResultMap" parameterClass="pe.gob.sunat.recurso2.humano.sancion.model.UnidadOrg" >
    select t12cod_uorga, t12des_uorga, t12des_corta, t12f_vigenci, t12f_baja, t12cod_nivel,
      t12cod_categ, t12cod_subpr, t12ind_aplic, t12cod_anter, t12ind_estad, t12cod_jefat,
      t12cod_encar, t12cod_repor, t12tipo, t12f_graba, t12cod_user, t12ind_lima, cod_dpto, cod_sede
    from t12uorga
    where t12cod_uorga = #t12codUorga:CHAR#
  </select>
  
  <delete id="deleteByPrimaryKey" parameterClass="pe.gob.sunat.recurso2.humano.sancion.model.UnidadOrg" >
    delete from t12uorga
    where t12cod_uorga = #t12codUorga:CHAR#
  </delete>
  
  <delete id="deleteByExample" parameterClass="pe.gob.sunat.recurso2.humano.sancion.model.UnidadOrgExample" >
    delete from t12uorga
    <include refid="t12uorga.Example_Where_Clause" />
  </delete>
  
  <insert id="insert" parameterClass="pe.gob.sunat.recurso2.humano.sancion.model.UnidadOrg" >
    insert into t12uorga (t12cod_uorga, t12des_uorga, t12des_corta, t12f_vigenci, t12f_baja,
      t12cod_nivel, t12cod_categ, t12cod_subpr, t12ind_aplic, t12cod_anter, t12ind_estad,
      t12cod_jefat, t12cod_encar, t12cod_repor, t12tipo, t12f_graba, t12cod_user, t12ind_lima,
      cod_dpto, cod_sede)
    values (#t12codUorga:CHAR#, #t12desUorga:VARCHAR#, #t12desCorta:CHAR#, #t12fVigenci:DATE#,
      #t12fBaja:DATE#, #t12codNivel:CHAR#, #t12codCateg:CHAR#, #t12codSubpr:CHAR#,
      #t12indAplic:CHAR#, #t12codAnter:CHAR#, #t12indEstad:CHAR#, #t12codJefat:CHAR#,
      #t12codEncar:CHAR#, #t12codRepor:CHAR#, #t12tipo:CHAR#, #t12fGraba:TIMESTAMP#,
      #t12codUser:CHAR#, #t12indLima:CHAR#, #codDpto:CHAR#, #codSede:SMALLINT#)
  </insert>
  
  <insert id="insertSelective" parameterClass="pe.gob.sunat.recurso2.humano.sancion.model.UnidadOrg" >
    insert into t12uorga
    <dynamic prepend="(" >
      <isNotNull prepend="," property="t12codUorga" >
        t12cod_uorga
      </isNotNull>
      <isNotNull prepend="," property="t12desUorga" >
        t12des_uorga
      </isNotNull>
      <isNotNull prepend="," property="t12desCorta" >
        t12des_corta
      </isNotNull>
      <isNotNull prepend="," property="t12fVigenci" >
        t12f_vigenci
      </isNotNull>
      <isNotNull prepend="," property="t12fBaja" >
        t12f_baja
      </isNotNull>
      <isNotNull prepend="," property="t12codNivel" >
        t12cod_nivel
      </isNotNull>
      <isNotNull prepend="," property="t12codCateg" >
        t12cod_categ
      </isNotNull>
      <isNotNull prepend="," property="t12codSubpr" >
        t12cod_subpr
      </isNotNull>
      <isNotNull prepend="," property="t12indAplic" >
        t12ind_aplic
      </isNotNull>
      <isNotNull prepend="," property="t12codAnter" >
        t12cod_anter
      </isNotNull>
      <isNotNull prepend="," property="t12indEstad" >
        t12ind_estad
      </isNotNull>
      <isNotNull prepend="," property="t12codJefat" >
        t12cod_jefat
      </isNotNull>
      <isNotNull prepend="," property="t12codEncar" >
        t12cod_encar
      </isNotNull>
      <isNotNull prepend="," property="t12codRepor" >
        t12cod_repor
      </isNotNull>
      <isNotNull prepend="," property="t12tipo" >
        t12tipo
      </isNotNull>
      <isNotNull prepend="," property="t12fGraba" >
        t12f_graba
      </isNotNull>
      <isNotNull prepend="," property="t12codUser" >
        t12cod_user
      </isNotNull>
      <isNotNull prepend="," property="t12indLima" >
        t12ind_lima
      </isNotNull>
      <isNotNull prepend="," property="codDpto" >
        cod_dpto
      </isNotNull>
      <isNotNull prepend="," property="codSede" >
        cod_sede
      </isNotNull>
      )
    </dynamic>
    values
    <dynamic prepend="(" >
      <isNotNull prepend="," property="t12codUorga" >
        #t12codUorga:CHAR#
      </isNotNull>
      <isNotNull prepend="," property="t12desUorga" >
        #t12desUorga:VARCHAR#
      </isNotNull>
      <isNotNull prepend="," property="t12desCorta" >
        #t12desCorta:CHAR#
      </isNotNull>
      <isNotNull prepend="," property="t12fVigenci" >
        #t12fVigenci:DATE#
      </isNotNull>
      <isNotNull prepend="," property="t12fBaja" >
        #t12fBaja:DATE#
      </isNotNull>
      <isNotNull prepend="," property="t12codNivel" >
        #t12codNivel:CHAR#
      </isNotNull>
      <isNotNull prepend="," property="t12codCateg" >
        #t12codCateg:CHAR#
      </isNotNull>
      <isNotNull prepend="," property="t12codSubpr" >
        #t12codSubpr:CHAR#
      </isNotNull>
      <isNotNull prepend="," property="t12indAplic" >
        #t12indAplic:CHAR#
      </isNotNull>
      <isNotNull prepend="," property="t12codAnter" >
        #t12codAnter:CHAR#
      </isNotNull>
      <isNotNull prepend="," property="t12indEstad" >
        #t12indEstad:CHAR#
      </isNotNull>
      <isNotNull prepend="," property="t12codJefat" >
        #t12codJefat:CHAR#
      </isNotNull>
      <isNotNull prepend="," property="t12codEncar" >
        #t12codEncar:CHAR#
      </isNotNull>
      <isNotNull prepend="," property="t12codRepor" >
        #t12codRepor:CHAR#
      </isNotNull>
      <isNotNull prepend="," property="t12tipo" >
        #t12tipo:CHAR#
      </isNotNull>
      <isNotNull prepend="," property="t12fGraba" >
        #t12fGraba:TIMESTAMP#
      </isNotNull>
      <isNotNull prepend="," property="t12codUser" >
        #t12codUser:CHAR#
      </isNotNull>
      <isNotNull prepend="," property="t12indLima" >
        #t12indLima:CHAR#
      </isNotNull>
      <isNotNull prepend="," property="codDpto" >
        #codDpto:CHAR#
      </isNotNull>
      <isNotNull prepend="," property="codSede" >
        #codSede:SMALLINT#
      </isNotNull>
      )
    </dynamic>
  </insert>
  
  <select id="countByExample" parameterClass="pe.gob.sunat.recurso2.humano.sancion.model.UnidadOrgExample" resultClass="java.lang.Integer" >
    select count(*) from t12uorga
    <include refid="t12uorga.Example_Where_Clause" />
  </select>
  
  <update id="updateByExampleSelective" >
    update t12uorga
    <dynamic prepend="set" >
      <isNotNull prepend="," property="record.t12codUorga" >
        t12cod_uorga = #record.t12codUorga:CHAR#
      </isNotNull>
      <isNotNull prepend="," property="record.t12desUorga" >
        t12des_uorga = #record.t12desUorga:VARCHAR#
      </isNotNull>
      <isNotNull prepend="," property="record.t12desCorta" >
        t12des_corta = #record.t12desCorta:CHAR#
      </isNotNull>
      <isNotNull prepend="," property="record.t12fVigenci" >
        t12f_vigenci = #record.t12fVigenci:DATE#
      </isNotNull>
      <isNotNull prepend="," property="record.t12fBaja" >
        t12f_baja = #record.t12fBaja:DATE#
      </isNotNull>
      <isNotNull prepend="," property="record.t12codNivel" >
        t12cod_nivel = #record.t12codNivel:CHAR#
      </isNotNull>
      <isNotNull prepend="," property="record.t12codCateg" >
        t12cod_categ = #record.t12codCateg:CHAR#
      </isNotNull>
      <isNotNull prepend="," property="record.t12codSubpr" >
        t12cod_subpr = #record.t12codSubpr:CHAR#
      </isNotNull>
      <isNotNull prepend="," property="record.t12indAplic" >
        t12ind_aplic = #record.t12indAplic:CHAR#
      </isNotNull>
      <isNotNull prepend="," property="record.t12codAnter" >
        t12cod_anter = #record.t12codAnter:CHAR#
      </isNotNull>
      <isNotNull prepend="," property="record.t12indEstad" >
        t12ind_estad = #record.t12indEstad:CHAR#
      </isNotNull>
      <isNotNull prepend="," property="record.t12codJefat" >
        t12cod_jefat = #record.t12codJefat:CHAR#
      </isNotNull>
      <isNotNull prepend="," property="record.t12codEncar" >
        t12cod_encar = #record.t12codEncar:CHAR#
      </isNotNull>
      <isNotNull prepend="," property="record.t12codRepor" >
        t12cod_repor = #record.t12codRepor:CHAR#
      </isNotNull>
      <isNotNull prepend="," property="record.t12tipo" >
        t12tipo = #record.t12tipo:CHAR#
      </isNotNull>
      <isNotNull prepend="," property="record.t12fGraba" >
        t12f_graba = #record.t12fGraba:TIMESTAMP#
      </isNotNull>
      <isNotNull prepend="," property="record.t12codUser" >
        t12cod_user = #record.t12codUser:CHAR#
      </isNotNull>
      <isNotNull prepend="," property="record.t12indLima" >
        t12ind_lima = #record.t12indLima:CHAR#
      </isNotNull>
      <isNotNull prepend="," property="record.codDpto" >
        cod_dpto = #record.codDpto:CHAR#
      </isNotNull>
      <isNotNull prepend="," property="record.codSede" >
        cod_sede = #record.codSede:SMALLINT#
      </isNotNull>
    </dynamic>
    <isParameterPresent >
      <include refid="t12uorga.Example_Where_Clause" />
    </isParameterPresent>
  </update>
  
  <update id="updateByExample" >
    update t12uorga
    set t12cod_uorga = #record.t12codUorga:CHAR#,
      t12des_uorga = #record.t12desUorga:VARCHAR#,
      t12des_corta = #record.t12desCorta:CHAR#,
      t12f_vigenci = #record.t12fVigenci:DATE#,
      t12f_baja = #record.t12fBaja:DATE#,
      t12cod_nivel = #record.t12codNivel:CHAR#,
      t12cod_categ = #record.t12codCateg:CHAR#,
      t12cod_subpr = #record.t12codSubpr:CHAR#,
      t12ind_aplic = #record.t12indAplic:CHAR#,
      t12cod_anter = #record.t12codAnter:CHAR#,
      t12ind_estad = #record.t12indEstad:CHAR#,
      t12cod_jefat = #record.t12codJefat:CHAR#,
      t12cod_encar = #record.t12codEncar:CHAR#,
      t12cod_repor = #record.t12codRepor:CHAR#,
      t12tipo = #record.t12tipo:CHAR#,
      t12f_graba = #record.t12fGraba:TIMESTAMP#,
      t12cod_user = #record.t12codUser:CHAR#,
      t12ind_lima = #record.t12indLima:CHAR#,
      cod_dpto = #record.codDpto:CHAR#,
      cod_sede = #record.codSede:SMALLINT#
    <isParameterPresent >
      <include refid="t12uorga.Example_Where_Clause" />
    </isParameterPresent>
  </update>
  
  <update id="updateByPrimaryKeySelective" parameterClass="pe.gob.sunat.recurso2.humano.sancion.model.UnidadOrg" >
    update t12uorga
    <dynamic prepend="set" >
      <isNotNull prepend="," property="t12desUorga" >
        t12des_uorga = #t12desUorga:VARCHAR#
      </isNotNull>
      <isNotNull prepend="," property="t12desCorta" >
        t12des_corta = #t12desCorta:CHAR#
      </isNotNull>
      <isNotNull prepend="," property="t12fVigenci" >
        t12f_vigenci = #t12fVigenci:DATE#
      </isNotNull>
      <isNotNull prepend="," property="t12fBaja" >
        t12f_baja = #t12fBaja:DATE#
      </isNotNull>
      <isNotNull prepend="," property="t12codNivel" >
        t12cod_nivel = #t12codNivel:CHAR#
      </isNotNull>
      <isNotNull prepend="," property="t12codCateg" >
        t12cod_categ = #t12codCateg:CHAR#
      </isNotNull>
      <isNotNull prepend="," property="t12codSubpr" >
        t12cod_subpr = #t12codSubpr:CHAR#
      </isNotNull>
      <isNotNull prepend="," property="t12indAplic" >
        t12ind_aplic = #t12indAplic:CHAR#
      </isNotNull>
      <isNotNull prepend="," property="t12codAnter" >
        t12cod_anter = #t12codAnter:CHAR#
      </isNotNull>
      <isNotNull prepend="," property="t12indEstad" >
        t12ind_estad = #t12indEstad:CHAR#
      </isNotNull>
      <isNotNull prepend="," property="t12codJefat" >
        t12cod_jefat = #t12codJefat:CHAR#
      </isNotNull>
      <isNotNull prepend="," property="t12codEncar" >
        t12cod_encar = #t12codEncar:CHAR#
      </isNotNull>
      <isNotNull prepend="," property="t12codRepor" >
        t12cod_repor = #t12codRepor:CHAR#
      </isNotNull>
      <isNotNull prepend="," property="t12tipo" >
        t12tipo = #t12tipo:CHAR#
      </isNotNull>
      <isNotNull prepend="," property="t12fGraba" >
        t12f_graba = #t12fGraba:TIMESTAMP#
      </isNotNull>
      <isNotNull prepend="," property="t12codUser" >
        t12cod_user = #t12codUser:CHAR#
      </isNotNull>
      <isNotNull prepend="," property="t12indLima" >
        t12ind_lima = #t12indLima:CHAR#
      </isNotNull>
      <isNotNull prepend="," property="codDpto" >
        cod_dpto = #codDpto:CHAR#
      </isNotNull>
      <isNotNull prepend="," property="codSede" >
        cod_sede = #codSede:SMALLINT#
      </isNotNull>
    </dynamic>
    where t12cod_uorga = #t12codUorga:CHAR#
  </update>
  
  <update id="updateByPrimaryKey" parameterClass="pe.gob.sunat.recurso2.humano.sancion.model.UnidadOrg" >
    update t12uorga
    set t12des_uorga = #t12desUorga:VARCHAR#,
      t12des_corta = #t12desCorta:CHAR#,
      t12f_vigenci = #t12fVigenci:DATE#,
      t12f_baja = #t12fBaja:DATE#,
      t12cod_nivel = #t12codNivel:CHAR#,
      t12cod_categ = #t12codCateg:CHAR#,
      t12cod_subpr = #t12codSubpr:CHAR#,
      t12ind_aplic = #t12indAplic:CHAR#,
      t12cod_anter = #t12codAnter:CHAR#,
      t12ind_estad = #t12indEstad:CHAR#,
      t12cod_jefat = #t12codJefat:CHAR#,
      t12cod_encar = #t12codEncar:CHAR#,
      t12cod_repor = #t12codRepor:CHAR#,
      t12tipo = #t12tipo:CHAR#,
      t12f_graba = #t12fGraba:TIMESTAMP#,
      t12cod_user = #t12codUser:CHAR#,
      t12ind_lima = #t12indLima:CHAR#,
      cod_dpto = #codDpto:CHAR#,
      cod_sede = #codSede:SMALLINT#
    where t12cod_uorga = #t12codUorga:CHAR#
  </update>
  
    
  <!-- personalizado -->
  <resultMap id="BaseResultMapBasic" class="pe.gob.sunat.recurso2.humano.sancion.model.UnidadOrg" >
    <result column="t12cod_uorga" property="t12codUorga" jdbcType="CHAR" />
    <result column="t12ind_estad" property="t12indEstad" jdbcType="CHAR" />
    <result column="t12des_uorga" property="t12desUorga" jdbcType="CHAR" />
  </resultMap>
  
  <select id="selectByExampleBasic" resultMap="BaseResultMapBasic" parameterClass="pe.gob.sunat.recurso2.humano.sancion.model.UnidadOrgExample" >
    select 
    	first 200 
    	t12cod_uorga, 
    	t12des_uorga,
    	t12ind_estad
    from t12uorga
    <isParameterPresent >
      <include refid="t12uorga.Example_Where_Clause" />
       and len(t12cod_uorga) = 6 
      <isNotNull property="orderByClause" >
        order by $orderByClause$
      </isNotNull>
    </isParameterPresent>
  </select>
  
</sqlMap>