<?xml version="1.0" encoding="UTF-8" ?>
<!DOCTYPE sqlMap PUBLIC "-//ibatis.apache.org//DTD SQL Map 2.0//EN" "http://ibatis.apache.org/dtd/sql-map-2.dtd" >
<sqlMap namespace="t8152archivo" >
  <resultMap id="BaseResultMap" class="pe.gob.sunat.recurso2.humano.sancion.model.Archivo" >
    <result column="num_archivo" property="numArchivo" jdbcType="INTEGER" />
    <result column="fec_registro" property="fecRegistro" jdbcType="TIMESTAMP" />
    <result column="cod_estado" property="codEstado" jdbcType="CHAR" />
    <result column="cod_usucrea" property="codUsucrea" jdbcType="VARCHAR" />
    <result column="fec_creacion" property="fecCreacion" jdbcType="TIMESTAMP" />
    <result column="cod_usumodif" property="codUsumodif" jdbcType="VARCHAR" />
    <result column="fec_modif" property="fecModif" jdbcType="TIMESTAMP" />
    <result column="ind_del" property="indDel" jdbcType="CHAR" />
  </resultMap>
  
  <sql id="Example_Where_Clause" >
    <iterate property="oredCriteria" conjunction="or" prepend="where" removeFirstPrepend="iterate" >
      <isEqual property="oredCriteria[].valid" compareValue="true" >
        (
        <iterate prepend="and" property="oredCriteria[].criteriaWithoutValue" conjunction="and" >
          $oredCriteria[].criteriaWithoutValue[]$
        </iterate>
        <iterate prepend="and" property="oredCriteria[].criteriaWithSingleValue" conjunction="and" >
          $oredCriteria[].criteriaWithSingleValue[].condition$
            #oredCriteria[].criteriaWithSingleValue[].value#
        </iterate>
        <iterate prepend="and" property="oredCriteria[].criteriaWithListValue" conjunction="and" >
          $oredCriteria[].criteriaWithListValue[].condition$
          <iterate property="oredCriteria[].criteriaWithListValue[].values" open="(" close=")" conjunction="," >
            #oredCriteria[].criteriaWithListValue[].values[]#
          </iterate>
        </iterate>
        <iterate prepend="and" property="oredCriteria[].criteriaWithBetweenValue" conjunction="and" >
          $oredCriteria[].criteriaWithBetweenValue[].condition$
          #oredCriteria[].criteriaWithBetweenValue[].values[0]# and
          #oredCriteria[].criteriaWithBetweenValue[].values[1]#
        </iterate>
        )
      </isEqual>
    </iterate>
  </sql>
  
  <select id="selectByExample" resultMap="BaseResultMap" parameterClass="pe.gob.sunat.recurso2.humano.sancion.model.ArchivoExample" >
    select num_archivo, fec_registro, cod_estado, cod_usucrea, fec_creacion, cod_usumodif,
      fec_modif, ind_del
    from t8152archivo
    <isParameterPresent >
      <include refid="t8152archivo.Example_Where_Clause" />
      <isNotNull property="orderByClause" >
        order by $orderByClause$
      </isNotNull>
    </isParameterPresent>
  </select>
  
  <select id="selectByPrimaryKey" resultMap="BaseResultMap" parameterClass="pe.gob.sunat.recurso2.humano.sancion.model.Archivo" >
    select num_archivo, fec_registro, cod_estado, cod_usucrea, fec_creacion, cod_usumodif,
      fec_modif, ind_del
    from t8152archivo
    where num_archivo = #numArchivo:INTEGER#
  </select>
  
  <delete id="deleteByPrimaryKey" parameterClass="pe.gob.sunat.recurso2.humano.sancion.model.Archivo" >
    delete from t8152archivo
    where num_archivo = #numArchivo:INTEGER#
  </delete>
  
  <delete id="deleteByExample" parameterClass="pe.gob.sunat.recurso2.humano.sancion.model.ArchivoExample" >
    delete from t8152archivo
    <include refid="t8152archivo.Example_Where_Clause" />
  </delete>
  
  <insert id="insert" parameterClass="pe.gob.sunat.recurso2.humano.sancion.model.Archivo" >
    insert into t8152archivo (num_archivo, fec_registro, cod_estado, cod_usucrea, fec_creacion,
      cod_usumodif, fec_modif, ind_del)
    values (#numArchivo:INTEGER#, #fecRegistro:TIMESTAMP#, #codEstado:CHAR#, #codUsucrea:VARCHAR#,
      #fecCreacion:TIMESTAMP#, #codUsumodif:VARCHAR#, #fecModif:TIMESTAMP#, #indDel:CHAR#)
  </insert>
  
  <insert id="insertSelective" parameterClass="pe.gob.sunat.recurso2.humano.sancion.model.Archivo" >
    insert into t8152archivo
    <dynamic prepend="(" >
      <isNotNull prepend="," property="numArchivo" >
        num_archivo
      </isNotNull>
      <isNotNull prepend="," property="fecRegistro" >
        fec_registro
      </isNotNull>
      <isNotNull prepend="," property="codEstado" >
        cod_estado
      </isNotNull>
      <isNotNull prepend="," property="codUsucrea" >
        cod_usucrea
      </isNotNull>
      <isNotNull prepend="," property="fecCreacion" >
        fec_creacion
      </isNotNull>
      <isNotNull prepend="," property="codUsumodif" >
        cod_usumodif
      </isNotNull>
      <isNotNull prepend="," property="fecModif" >
        fec_modif
      </isNotNull>
      <isNotNull prepend="," property="indDel" >
        ind_del
      </isNotNull>
      )
    </dynamic>
    values
    <dynamic prepend="(" >
      <isNotNull prepend="," property="numArchivo" >
        #numArchivo:INTEGER#
      </isNotNull>
      <isNotNull prepend="," property="fecRegistro" >
        #fecRegistro:TIMESTAMP#
      </isNotNull>
      <isNotNull prepend="," property="codEstado" >
        #codEstado:CHAR#
      </isNotNull>
      <isNotNull prepend="," property="codUsucrea" >
        #codUsucrea:VARCHAR#
      </isNotNull>
      <isNotNull prepend="," property="fecCreacion" >
        #fecCreacion:TIMESTAMP#
      </isNotNull>
      <isNotNull prepend="," property="codUsumodif" >
        #codUsumodif:VARCHAR#
      </isNotNull>
      <isNotNull prepend="," property="fecModif" >
        #fecModif:TIMESTAMP#
      </isNotNull>
      <isNotNull prepend="," property="indDel" >
        #indDel:CHAR#
      </isNotNull>
      )
    </dynamic>
  </insert>
  
  <select id="countByExample" parameterClass="pe.gob.sunat.recurso2.humano.sancion.model.ArchivoExample" resultClass="java.lang.Integer" >
    select count(*) from t8152archivo
    <include refid="t8152archivo.Example_Where_Clause" />
  </select>
  
  <update id="updateByExampleSelective" >
    update t8152archivo
    <dynamic prepend="set" >
      <isNotNull prepend="," property="record.numArchivo" >
        num_archivo = #record.numArchivo:INTEGER#
      </isNotNull>
      <isNotNull prepend="," property="record.fecRegistro" >
        fec_registro = #record.fecRegistro:TIMESTAMP#
      </isNotNull>
      <isNotNull prepend="," property="record.codEstado" >
        cod_estado = #record.codEstado:CHAR#
      </isNotNull>
      <isNotNull prepend="," property="record.codUsucrea" >
        cod_usucrea = #record.codUsucrea:VARCHAR#
      </isNotNull>
      <isNotNull prepend="," property="record.fecCreacion" >
        fec_creacion = #record.fecCreacion:TIMESTAMP#
      </isNotNull>
      <isNotNull prepend="," property="record.codUsumodif" >
        cod_usumodif = #record.codUsumodif:VARCHAR#
      </isNotNull>
      <isNotNull prepend="," property="record.fecModif" >
        fec_modif = #record.fecModif:TIMESTAMP#
      </isNotNull>
      <isNotNull prepend="," property="record.indDel" >
        ind_del = #record.indDel:CHAR#
      </isNotNull>
    </dynamic>
    <isParameterPresent >
      <include refid="t8152archivo.Example_Where_Clause" />
    </isParameterPresent>
  </update>
  
  <update id="updateByExample" >
    update t8152archivo
    set num_archivo = #record.numArchivo:INTEGER#,
      fec_registro = #record.fecRegistro:TIMESTAMP#,
      cod_estado = #record.codEstado:CHAR#,
      cod_usucrea = #record.codUsucrea:VARCHAR#,
      fec_creacion = #record.fecCreacion:TIMESTAMP#,
      cod_usumodif = #record.codUsumodif:VARCHAR#,
      fec_modif = #record.fecModif:TIMESTAMP#,
      ind_del = #record.indDel:CHAR#
    <isParameterPresent >
      <include refid="t8152archivo.Example_Where_Clause" />
    </isParameterPresent>
  </update>
  
  <update id="updateByPrimaryKeySelective" parameterClass="pe.gob.sunat.recurso2.humano.sancion.model.Archivo" >
    update t8152archivo
    <dynamic prepend="set" >
      <isNotNull prepend="," property="fecRegistro" >
        fec_registro = #fecRegistro:TIMESTAMP#
      </isNotNull>
      <isNotNull prepend="," property="codEstado" >
        cod_estado = #codEstado:CHAR#
      </isNotNull>
      <isNotNull prepend="," property="codUsucrea" >
        cod_usucrea = #codUsucrea:VARCHAR#
      </isNotNull>
      <isNotNull prepend="," property="fecCreacion" >
        fec_creacion = #fecCreacion:TIMESTAMP#
      </isNotNull>
      <isNotNull prepend="," property="codUsumodif" >
        cod_usumodif = #codUsumodif:VARCHAR#
      </isNotNull>
      <isNotNull prepend="," property="fecModif" >
        fec_modif = #fecModif:TIMESTAMP#
      </isNotNull>
      <isNotNull prepend="," property="indDel" >
        ind_del = #indDel:CHAR#
      </isNotNull>
    </dynamic>
    where num_archivo = #numArchivo:INTEGER#
  </update>
  
  <update id="updateByPrimaryKey" parameterClass="pe.gob.sunat.recurso2.humano.sancion.model.Archivo" >
    update t8152archivo
    set fec_registro = #fecRegistro:TIMESTAMP#,
      cod_estado = #codEstado:CHAR#,
      cod_usucrea = #codUsucrea:VARCHAR#,
      fec_creacion = #fecCreacion:TIMESTAMP#,
      cod_usumodif = #codUsumodif:VARCHAR#,
      fec_modif = #fecModif:TIMESTAMP#,
      ind_del = #indDel:CHAR#
    where num_archivo = #numArchivo:INTEGER#
  </update>
  
</sqlMap>