<?xml version="1.0" encoding="UTF-8" ?>
<!DOCTYPE sqlMap PUBLIC "-//ibatis.apache.org//DTD SQL Map 2.0//EN" "http://ibatis.apache.org/dtd/sql-map-2.dtd" >
<sqlMap namespace="txxxx3documexped" >
  <resultMap id="BaseResultMap" class="pe.gob.sunat.recurso2.humano.sancion.model.DocumentoExped" >
    <result column="num_id_docexp" property="numIdDocexp" jdbcType="INTEGER" />
    <result column="num_id_exped" property="numIdExped" jdbcType="INTEGER" />
    <result column="num_id_docum" property="numIdDocum" jdbcType="INTEGER" />
    <result column="ind_del" property="indDel" jdbcType="CHAR" />
    <result column="cod_usuregis" property="codUsuregis" jdbcType="VARCHAR" />
    <result column="fec_regis" property="fecRegis" jdbcType="TIMESTAMP" />
    <result column="cod_usumodif" property="codUsumodif" jdbcType="VARCHAR" />
    <result column="fec_modif" property="fecModif" jdbcType="TIMESTAMP" />
  </resultMap>
  
  <sql id="Example_Where_Clause" >
    <iterate property="oredCriteria" conjunction="or" prepend="where" removeFirstPrepend="iterate" >
      <isEqual property="oredCriteria[].valid" compareValue="true" >
        (
        <iterate prepend="and" property="oredCriteria[].criteriaWithoutValue" conjunction="and" >
          $oredCriteria[].criteriaWithoutValue[]$
        </iterate>
        <iterate prepend="and" property="oredCriteria[].criteriaWithSingleValue" conjunction="and" >
          $oredCriteria[].criteriaWithSingleValue[].condition$
            #oredCriteria[].criteriaWithSingleValue[].value#
        </iterate>
        <iterate prepend="and" property="oredCriteria[].criteriaWithListValue" conjunction="and" >
          $oredCriteria[].criteriaWithListValue[].condition$
          <iterate property="oredCriteria[].criteriaWithListValue[].values" open="(" close=")" conjunction="," >
            #oredCriteria[].criteriaWithListValue[].values[]#
          </iterate>
        </iterate>
        <iterate prepend="and" property="oredCriteria[].criteriaWithBetweenValue" conjunction="and" >
          $oredCriteria[].criteriaWithBetweenValue[].condition$
          #oredCriteria[].criteriaWithBetweenValue[].values[0]# and
          #oredCriteria[].criteriaWithBetweenValue[].values[1]#
        </iterate>
        )
      </isEqual>
    </iterate>
  </sql>
  
  <select id="selectByExample" resultMap="BaseResultMap" parameterClass="pe.gob.sunat.recurso2.humano.sancion.model.DocumentoExpedExample" >
    select num_id_docexp, num_id_exped, num_id_docum, ind_del, cod_usuregis, fec_regis,
      cod_usumodif, fec_modif
    from txxxx3documexped
    <isParameterPresent >
      <include refid="txxxx3documexped.Example_Where_Clause" />
      <isNotNull property="orderByClause" >
        order by $orderByClause$
      </isNotNull>
    </isParameterPresent>
  </select>
  
  <select id="selectByPrimaryKey" resultMap="BaseResultMap" parameterClass="pe.gob.sunat.recurso2.humano.sancion.model.DocumentoExped" >
    select num_id_docexp, num_id_exped, num_id_docum, ind_del, cod_usuregis, fec_regis,
      cod_usumodif, fec_modif
    from txxxx3documexped
    where num_id_docexp = #numIdDocexp:INTEGER#
  </select>
  
  <delete id="deleteByPrimaryKey" parameterClass="pe.gob.sunat.recurso2.humano.sancion.model.DocumentoExped" >
    delete from txxxx3documexped
    where num_id_docexp = #numIdDocexp:INTEGER#
  </delete>
  
  <delete id="deleteByExample" parameterClass="pe.gob.sunat.recurso2.humano.sancion.model.DocumentoExpedExample" >
    delete from txxxx3documexped
    <include refid="txxxx3documexped.Example_Where_Clause" />
  </delete>
  
  <insert id="insert" parameterClass="pe.gob.sunat.recurso2.humano.sancion.model.DocumentoExped" >
    insert into txxxx3documexped (num_id_docexp, num_id_exped, num_id_docum, ind_del, cod_usuregis,
      fec_regis, cod_usumodif, fec_modif)
    values (#numIdDocexp:INTEGER#, #numIdExped:INTEGER#, #numIdDocum:INTEGER#, #indDel:CHAR#,
      #codUsuregis:VARCHAR#, #fecRegis:TIMESTAMP#, #codUsumodif:VARCHAR#, #fecModif:TIMESTAMP#)
  </insert>
  
  <insert id="insertSelective" parameterClass="pe.gob.sunat.recurso2.humano.sancion.model.DocumentoExped" >
    insert into txxxx3documexped
    <dynamic prepend="(" >
      <isNotNull prepend="," property="numIdDocexp" >
        num_id_docexp
      </isNotNull>
      <isNotNull prepend="," property="numIdExped" >
        num_id_exped
      </isNotNull>
      <isNotNull prepend="," property="numIdDocum" >
        num_id_docum
      </isNotNull>
      <isNotNull prepend="," property="indDel" >
        ind_del
      </isNotNull>
      <isNotNull prepend="," property="codUsuregis" >
        cod_usuregis
      </isNotNull>
      <isNotNull prepend="," property="fecRegis" >
        fec_regis
      </isNotNull>
      <isNotNull prepend="," property="codUsumodif" >
        cod_usumodif
      </isNotNull>
      <isNotNull prepend="," property="fecModif" >
        fec_modif
      </isNotNull>
      )
    </dynamic>
    values
    <dynamic prepend="(" >
      <isNotNull prepend="," property="numIdDocexp" >
        #numIdDocexp:INTEGER#
      </isNotNull>
      <isNotNull prepend="," property="numIdExped" >
        #numIdExped:INTEGER#
      </isNotNull>
      <isNotNull prepend="," property="numIdDocum" >
        #numIdDocum:INTEGER#
      </isNotNull>
      <isNotNull prepend="," property="indDel" >
        #indDel:CHAR#
      </isNotNull>
      <isNotNull prepend="," property="codUsuregis" >
        #codUsuregis:VARCHAR#
      </isNotNull>
      <isNotNull prepend="," property="fecRegis" >
        #fecRegis:TIMESTAMP#
      </isNotNull>
      <isNotNull prepend="," property="codUsumodif" >
        #codUsumodif:VARCHAR#
      </isNotNull>
      <isNotNull prepend="," property="fecModif" >
        #fecModif:TIMESTAMP#
      </isNotNull>
      )
    </dynamic>
  </insert>
  
  <select id="countByExample" parameterClass="pe.gob.sunat.recurso2.humano.sancion.model.DocumentoExpedExample" resultClass="java.lang.Integer" >
    select count(*) from txxxx3documexped
    <include refid="txxxx3documexped.Example_Where_Clause" />
  </select>
  
  <update id="updateByExampleSelective" >
    update txxxx3documexped
    <dynamic prepend="set" >
      <isNotNull prepend="," property="record.numIdDocexp" >
        num_id_docexp = #record.numIdDocexp:INTEGER#
      </isNotNull>
      <isNotNull prepend="," property="record.numIdExped" >
        num_id_exped = #record.numIdExped:INTEGER#
      </isNotNull>
      <isNotNull prepend="," property="record.numIdDocum" >
        num_id_docum = #record.numIdDocum:INTEGER#
      </isNotNull>
      <isNotNull prepend="," property="record.indDel" >
        ind_del = #record.indDel:CHAR#
      </isNotNull>
      <isNotNull prepend="," property="record.codUsuregis" >
        cod_usuregis = #record.codUsuregis:VARCHAR#
      </isNotNull>
      <isNotNull prepend="," property="record.fecRegis" >
        fec_regis = #record.fecRegis:TIMESTAMP#
      </isNotNull>
      <isNotNull prepend="," property="record.codUsumodif" >
        cod_usumodif = #record.codUsumodif:VARCHAR#
      </isNotNull>
      <isNotNull prepend="," property="record.fecModif" >
        fec_modif = #record.fecModif:TIMESTAMP#
      </isNotNull>
    </dynamic>
    <isParameterPresent >
      <include refid="txxxx3documexped.Example_Where_Clause" />
    </isParameterPresent>
  </update>
  
  <update id="updateByExample" >
    update txxxx3documexped
    set num_id_docexp = #record.numIdDocexp:INTEGER#,
      num_id_exped = #record.numIdExped:INTEGER#,
      num_id_docum = #record.numIdDocum:INTEGER#,
      ind_del = #record.indDel:CHAR#,
      cod_usuregis = #record.codUsuregis:VARCHAR#,
      fec_regis = #record.fecRegis:TIMESTAMP#,
      cod_usumodif = #record.codUsumodif:VARCHAR#,
      fec_modif = #record.fecModif:TIMESTAMP#
    <isParameterPresent >
      <include refid="txxxx3documexped.Example_Where_Clause" />
    </isParameterPresent>
  </update>
  
  <update id="updateByPrimaryKeySelective" parameterClass="pe.gob.sunat.recurso2.humano.sancion.model.DocumentoExped" >
    update txxxx3documexped
    <dynamic prepend="set" >
      <isNotNull prepend="," property="numIdExped" >
        num_id_exped = #numIdExped:INTEGER#
      </isNotNull>
      <isNotNull prepend="," property="numIdDocum" >
        num_id_docum = #numIdDocum:INTEGER#
      </isNotNull>
      <isNotNull prepend="," property="indDel" >
        ind_del = #indDel:CHAR#
      </isNotNull>
      <isNotNull prepend="," property="codUsuregis" >
        cod_usuregis = #codUsuregis:VARCHAR#
      </isNotNull>
      <isNotNull prepend="," property="fecRegis" >
        fec_regis = #fecRegis:TIMESTAMP#
      </isNotNull>
      <isNotNull prepend="," property="codUsumodif" >
        cod_usumodif = #codUsumodif:VARCHAR#
      </isNotNull>
      <isNotNull prepend="," property="fecModif" >
        fec_modif = #fecModif:TIMESTAMP#
      </isNotNull>
    </dynamic>
    where num_id_docexp = #numIdDocexp:INTEGER#
  </update>
  
  <update id="updateByPrimaryKey" parameterClass="pe.gob.sunat.recurso2.humano.sancion.model.DocumentoExped" >
    update txxxx3documexped
    set num_id_exped = #numIdExped:INTEGER#,
      num_id_docum = #numIdDocum:INTEGER#,
      ind_del = #indDel:CHAR#,
      cod_usuregis = #codUsuregis:VARCHAR#,
      fec_regis = #fecRegis:TIMESTAMP#,
      cod_usumodif = #codUsumodif:VARCHAR#,
      fec_modif = #fecModif:TIMESTAMP#
    where num_id_docexp = #numIdDocexp:INTEGER#
  </update>
  
</sqlMap>