<beans xmlns="http://www.springframework.org/schema/beans"
	xmlns:xsi="http://www.w3.org/2001/XMLSchema-instance"
	xmlns:context="http://www.springframework.org/schema/context"
	xsi:schemaLocation="http://www.springframework.org/schema/beans
		http://www.springframework.org/schema/beans/spring-beans.xsd
		http://www.springframework.org/schema/context
		http://www.springframework.org/schema/context/spring-context.xsd">

	<bean id="recurso2-humano-sancion.ear.context" class="org.springframework.context.support.ClassPathXmlApplicationContext">
		<constructor-arg>
			<list>
				<value>humano-sancion-service.xml</value>
				<value>humano-sancion-tx.xml</value> 
				<value>recurso2-humano-service.xml</value>
				
<!-- 				<value>administracion-siga-service.xml</value> -->
<!-- 				<value>firmadigital-siga-service.xml</value> -->
			</list>
		</constructor-arg>
	</bean>

</beans>
