<?xml version="1.0" encoding="UTF-8"?>
<beans xmlns="http://www.springframework.org/schema/beans"
	 xmlns:p="http://www.springframework.org/schema/p" 
     xmlns:xsi="http://www.w3.org/2001/XMLSchema-instance"
     xmlns:context="http://www.springframework.org/schema/context"
     xmlns:jee="http://www.springframework.org/schema/jee"
     xsi:schemaLocation="http://www.springframework.org/schema/beans http://www.springframework.org/schema/beans/spring-beans-2.5.xsd
         http://www.springframework.org/schema/context http://www.springframework.org/schema/context/spring-context.xsd
         http://www.springframework.org/schema/jee http://www.springframework.org/schema/jee/spring-jee-2.5.xsd" default-lazy-init="true">

	<import resource="sp-routing-datasource-data.xml"/>
	
	<import resource="classpath:framework-data.xml"/>

	<bean id="sp.configlocation" class="java.lang.String" >
		<constructor-arg value="classpath:sql-map-config-sp.xml"/>
	</bean>

	<bean id="sancion.sp.sqlMapClientEscritura" class="pe.gob.sunat.recurso2.humano.sancion.util.ds.SqlMapClientImplFactoryBean">
		<property name="configLocation" value="classpath:sql-map-config-sp.xml" />
		<property name="dataSource" ref="spRoutingDataSource" />
	</bean>

	<bean id="sancion.spEscrituraBaseDAO" class="pe.gob.sunat.framework.spring.util.dao.SqlMapDAOBase" p:sqlMapClient-ref="sancion.sp.sqlMapClientEscritura"/>

	<bean id="sancion.ExpedienteSanciDAO" class="pe.gob.sunat.recurso2.humano.sancion.model.dao.ibatis.SqlMapExpedienteSanciDAO" parent="sancion.spEscrituraBaseDAO"/>
	<bean id="sancion.SeguimientoExpedDAO" class="pe.gob.sunat.recurso2.humano.sancion.model.dao.ibatis.SqlMapSeguimientoExpedDAO" parent="sancion.spEscrituraBaseDAO"/>
	<bean id="sancion.DocumentoExpedDAO" class="pe.gob.sunat.recurso2.humano.sancion.model.dao.ibatis.SqlMapDocumentoExpedDAO" parent="sancion.spEscrituraBaseDAO"/>
	<bean id="sancion.DocumentoSanciDAO" class="pe.gob.sunat.recurso2.humano.sancion.model.dao.ibatis.SqlMapDocumentoSanciDAO" parent="sancion.spEscrituraBaseDAO"/>

	<bean id="sancion.ArchivoDAO" class="pe.gob.sunat.recurso2.humano.sancion.model.dao.ibatis.SqlMapArchivoDAO" parent="sancion.spEscrituraBaseDAO"/>
	<bean id="sancion.ArchivoDetDAO" class="pe.gob.sunat.recurso2.humano.sancion.model.dao.ibatis.SqlMapArchivoDetDAO" parent="sancion.spEscrituraBaseDAO"/>
	<bean id="sancion.CodigoDAO" class="pe.gob.sunat.recurso2.humano.sancion.model.dao.ibatis.SqlMapCodigoDAO" parent="sancion.spEscrituraBaseDAO"/>
	<bean id="sancion.CorreoDAO" class="pe.gob.sunat.recurso2.humano.sancion.model.dao.ibatis.SqlMapCorreoDAO" parent="sancion.spEscrituraBaseDAO"/>
	<bean id="sancion.PersonaDAO" class="pe.gob.sunat.recurso2.humano.sancion.model.dao.ibatis.SqlMapPersonaDAO" parent="sancion.spEscrituraBaseDAO"/>
	<bean id="sancion.UnidadOrgDAO" class="pe.gob.sunat.recurso2.humano.sancion.model.dao.ibatis.SqlMapUnidadOrgDAO" parent="sancion.spEscrituraBaseDAO"/>
	<bean id="sancion.DelegacionDAO" class="pe.gob.sunat.recurso2.humano.sancion.model.dao.ibatis.SqlMapDelegacionDAO" parent="sancion.spEscrituraBaseDAO"/>
	<bean id="sancion.ParamSecundDAO" class="pe.gob.sunat.recurso2.humano.sancion.model.dao.ibatis.SqlMapParamSecundDAO" parent="sancion.spEscrituraBaseDAO"/>

</beans>