<?xml version="1.0" encoding="UTF-8"?>

<beans xmlns="http://www.springframework.org/schema/beans"
	xmlns:xsi="http://www.w3.org/2001/XMLSchema-instance"
	xmlns:jee="http://www.springframework.org/schema/jee"
	xsi:schemaLocation="http://www.springframework.org/schema/beans
						http://www.springframework.org/schema/beans/spring-beans.xsd
						http://www.springframework.org/schema/jee
						http://www.springframework.org/schema/jee/spring-jee.xsd">
 	
 	<import resource="sp-datasource.xml"/>
						
 	<bean id="spRoutingDataSource" class="pe.gob.sunat.recurso2.humano.sancion.util.ds.RoutingDataSource">
		<property name="targetDataSources">
            <map key-type="java.lang.String" value-type="javax.sql.DataSource">
				<entry key="c" value-ref="dcsp"/>
				<entry key="g" value-ref="dgsp"/>
				<entry key="x" value-ref="dxsp"/>
            </map>
		</property>
		<property name="defaultTargetDataSource" ref="dcsp"/>
	</bean>
	
</beans>