<?xml version="1.0" encoding="UTF-8"?>
<beans xmlns="http://www.springframework.org/schema/beans"
	xmlns:xsi="http://www.w3.org/2001/XMLSchema-instance"
	xmlns:context="http://www.springframework.org/schema/context"
	xmlns:mvc="http://www.springframework.org/schema/mvc"
	xsi:schemaLocation="http://www.springframework.org/schema/mvc http://www.springframework.org/schema/mvc/spring-mvc.xsd
		http://www.springframework.org/schema/beans http://www.springframework.org/schema/beans/spring-beans.xsd
		http://www.springframework.org/schema/context http://www.springframework.org/schema/context/spring-context.xsd">

	<!-- Para el uso de  Anotaciones Spring MVC @Controller -->
	<mvc:annotation-driven/>

	<!-- Escanear solo los paquetes correspondientes al Controller -->
	<context:component-scan base-package="pe.gob.sunat.recurso2.humano.docencia.web.controller"/>

	<mvc:resources location="/css/" mapping="/css/**"/>
	<mvc:resources location="/js/" mapping="/js/**"/>
	<mvc:resources location="/fonts/" mapping="/fonts/**"/>
	
	<!-- View Resolver -->
	<bean  class="org.springframework.web.servlet.view.InternalResourceViewResolver">
		<property name="prefix" value="/WEB-INF/jsp/" />
		<property name="suffix" value=".jsp" />
	</bean>
	
	<bean id="uploadTempDirResource"
		class="org.springframework.core.io.FileSystemResource">
		<constructor-arg>
			<value>/data0/uploads/spring</value>
		</constructor-arg>
	</bean>
	
	<bean id="multipartResolver" class="org.springframework.web.multipart.commons.CommonsMultipartResolver">
		<property name="maxUploadSize" value="100000000"/> <!-- "5242880" -->
		<property name="uploadTempDir" ref="uploadTempDirResource"/>
		<property name="defaultEncoding" value="UTF-8" />
	</bean>
</beans>
