<?xml version="1.0" encoding="UTF-8"?>

<!DOCTYPE sqlMapConfig PUBLIC "-//iBATIS.com//DTD SQL Map Config 2.0//EN" "http://www.ibatis.com/dtd/sql-map-config-2.dtd">

<sqlMapConfig>
	<settings cacheModelsEnabled="true" enhancementEnabled="true" useStatementNamespaces="true" maxSessions="64" maxTransactions="8" maxRequests="128" />

	<sqlMap resource="pe/gob/sunat/recurso2/humano/sancion/model/dao/ibatis/maps/t12014expedisanci.xml" />
	<sqlMap resource="pe/gob/sunat/recurso2/humano/sancion/model/dao/ibatis/maps/t12016seguimexped.xml" />
	<sqlMap resource="pe/gob/sunat/recurso2/humano/sancion/model/dao/ibatis/maps/t12015documsanci.xml" />
	
	<sqlMap resource="pe/gob/sunat/recurso2/humano/sancion/model/dao/ibatis/maps/t8152archivo.xml" />
	<sqlMap resource="pe/gob/sunat/recurso2/humano/sancion/model/dao/ibatis/maps/t8151archivodet.xml" />
	<sqlMap resource="pe/gob/sunat/recurso2/humano/sancion/model/dao/ibatis/maps/t99codigos.xml" />
	<sqlMap resource="pe/gob/sunat/recurso2/humano/sancion/model/dao/ibatis/maps/correos.xml" />
	<sqlMap resource="pe/gob/sunat/recurso2/humano/sancion/model/dao/ibatis/maps/t02perdp.xml" />
	<sqlMap resource="pe/gob/sunat/recurso2/humano/sancion/model/dao/ibatis/maps/t12uorga.xml" />
	<sqlMap resource="pe/gob/sunat/recurso2/humano/sancion/model/dao/ibatis/maps/t1595delega.xml" />
	<sqlMap resource="pe/gob/sunat/recurso2/humano/sancion/model/dao/ibatis/maps/t5864parametro.xml" />
	<sqlMap resource="pe/gob/sunat/recurso2/humano/sancion/model/dao/ibatis/maps/t07pdcto.xml" />
	<sqlMap resource="pe/gob/sunat/recurso2/humano/sancion/model/dao/ibatis/maps/t01param.xml" />
	
</sqlMapConfig>