<?xml version="1.0" encoding="UTF-8" ?>
<!DOCTYPE sqlMap PUBLIC "-//ibatis.apache.org//DTD SQL Map 2.0//EN" "http://ibatis.apache.org/dtd/sql-map-2.dtd" >
<sqlMap namespace="t07pdcto" >
  <resultMap id="BaseResultMap" class="pe.gob.sunat.recurso2.humano.sancion.model.Documento" >
    <result column="t07cod_pers" property="t07codPers" jdbcType="CHAR" />
    <result column="t07correl" property="t07correl" jdbcType="CHAR" />
    <result column="t07cod_dcto" property="t07codDcto" jdbcType="CHAR" />
    <result column="t07nro_dcto" property="t07nroDcto" jdbcType="CHAR" />
    <result column="t07f_graba" property="t07fGraba" jdbcType="TIMESTAMP" />
    <result column="t07cod_user" property="t07codUser" jdbcType="CHAR" />
  </resultMap>
  
  <sql id="Example_Where_Clause" >
    <iterate property="oredCriteria" conjunction="or" prepend="where" removeFirstPrepend="iterate" >
      <isEqual property="oredCriteria[].valid" compareValue="true" >
        (
        <iterate prepend="and" property="oredCriteria[].criteriaWithoutValue" conjunction="and" >
          $oredCriteria[].criteriaWithoutValue[]$
        </iterate>
        <iterate prepend="and" property="oredCriteria[].criteriaWithSingleValue" conjunction="and" >
          $oredCriteria[].criteriaWithSingleValue[].condition$
            #oredCriteria[].criteriaWithSingleValue[].value#
        </iterate>
        <iterate prepend="and" property="oredCriteria[].criteriaWithListValue" conjunction="and" >
          $oredCriteria[].criteriaWithListValue[].condition$
          <iterate property="oredCriteria[].criteriaWithListValue[].values" open="(" close=")" conjunction="," >
            #oredCriteria[].criteriaWithListValue[].values[]#
          </iterate>
        </iterate>
        <iterate prepend="and" property="oredCriteria[].criteriaWithBetweenValue" conjunction="and" >
          $oredCriteria[].criteriaWithBetweenValue[].condition$
          #oredCriteria[].criteriaWithBetweenValue[].values[0]# and
          #oredCriteria[].criteriaWithBetweenValue[].values[1]#
        </iterate>
        )
      </isEqual>
    </iterate>
  </sql>
  
  <select id="selectByExample" resultMap="BaseResultMap" parameterClass="pe.gob.sunat.recurso2.humano.sancion.model.DocumentoExample" >
    select t07cod_pers, t07correl, t07cod_dcto, t07nro_dcto, t07f_graba, t07cod_user
    from t07pdcto
    <isParameterPresent >
      <include refid="t07pdcto.Example_Where_Clause" />
      <isNotNull property="orderByClause" >
        order by $orderByClause$
      </isNotNull>
    </isParameterPresent>
  </select>
  
  <delete id="deleteByExample" parameterClass="pe.gob.sunat.recurso2.humano.sancion.model.DocumentoExample" >
    delete from t07pdcto
    <include refid="t07pdcto.Example_Where_Clause" />
  </delete>
  
  <insert id="insert" parameterClass="pe.gob.sunat.recurso2.humano.sancion.model.Documento" >
    insert into t07pdcto (t07cod_pers, t07correl, t07cod_dcto, t07nro_dcto, t07f_graba, t07cod_user)
    values (#t07codPers:CHAR#, #t07correl:CHAR#, #t07codDcto:CHAR#, #t07nroDcto:CHAR#,
      #t07fGraba:TIMESTAMP#, #t07codUser:CHAR#)
  </insert>
  
  <insert id="insertSelective" parameterClass="pe.gob.sunat.recurso2.humano.sancion.model.Documento" >
    insert into t07pdcto
    <dynamic prepend="(" >
      <isNotNull prepend="," property="t07codPers" >
        t07cod_pers
      </isNotNull>
      <isNotNull prepend="," property="t07correl" >
        t07correl
      </isNotNull>
      <isNotNull prepend="," property="t07codDcto" >
        t07cod_dcto
      </isNotNull>
      <isNotNull prepend="," property="t07nroDcto" >
        t07nro_dcto
      </isNotNull>
      <isNotNull prepend="," property="t07fGraba" >
        t07f_graba
      </isNotNull>
      <isNotNull prepend="," property="t07codUser" >
        t07cod_user
      </isNotNull>
      )
    </dynamic>
    values
    <dynamic prepend="(" >
      <isNotNull prepend="," property="t07codPers" >
        #t07codPers:CHAR#
      </isNotNull>
      <isNotNull prepend="," property="t07correl" >
        #t07correl:CHAR#
      </isNotNull>
      <isNotNull prepend="," property="t07codDcto" >
        #t07codDcto:CHAR#
      </isNotNull>
      <isNotNull prepend="," property="t07nroDcto" >
        #t07nroDcto:CHAR#
      </isNotNull>
      <isNotNull prepend="," property="t07fGraba" >
        #t07fGraba:TIMESTAMP#
      </isNotNull>
      <isNotNull prepend="," property="t07codUser" >
        #t07codUser:CHAR#
      </isNotNull>
      )
    </dynamic>
  </insert>
  
  <select id="countByExample" parameterClass="pe.gob.sunat.recurso2.humano.sancion.model.DocumentoExample" resultClass="java.lang.Integer" >
    select count(*) from t07pdcto
    <include refid="t07pdcto.Example_Where_Clause" />
  </select>
  
  <update id="updateByExampleSelective" >
    update t07pdcto
    <dynamic prepend="set" >
      <isNotNull prepend="," property="record.t07codPers" >
        t07cod_pers = #record.t07codPers:CHAR#
      </isNotNull>
      <isNotNull prepend="," property="record.t07correl" >
        t07correl = #record.t07correl:CHAR#
      </isNotNull>
      <isNotNull prepend="," property="record.t07codDcto" >
        t07cod_dcto = #record.t07codDcto:CHAR#
      </isNotNull>
      <isNotNull prepend="," property="record.t07nroDcto" >
        t07nro_dcto = #record.t07nroDcto:CHAR#
      </isNotNull>
      <isNotNull prepend="," property="record.t07fGraba" >
        t07f_graba = #record.t07fGraba:TIMESTAMP#
      </isNotNull>
      <isNotNull prepend="," property="record.t07codUser" >
        t07cod_user = #record.t07codUser:CHAR#
      </isNotNull>
    </dynamic>
    <isParameterPresent >
      <include refid="t07pdcto.Example_Where_Clause" />
    </isParameterPresent>
  </update>
  
  <update id="updateByExample" >
    update t07pdcto
    set t07cod_pers = #record.t07codPers:CHAR#,
      t07correl = #record.t07correl:CHAR#,
      t07cod_dcto = #record.t07codDcto:CHAR#,
      t07nro_dcto = #record.t07nroDcto:CHAR#,
      t07f_graba = #record.t07fGraba:TIMESTAMP#,
      t07cod_user = #record.t07codUser:CHAR#
    <isParameterPresent >
      <include refid="t07pdcto.Example_Where_Clause" />
    </isParameterPresent>
  </update>
  
  <!-- personalizado -->
  
  <select id="obtenerDocumento" resultMap="BaseResultMap" parameterClass="String" >
	SELECT 
		first 1 
		d.t07cod_pers, d.t07correl, d.t07cod_dcto, d.t07nro_dcto, d.t07f_graba, d.t07cod_user 
	FROM 
		t07pdcto d,
	    t02perdp p
	WHERE 
		d.t07cod_pers = p.t02cod_pers
		and RIGHT(TRIM(d.t07nro_dcto),8) = p.t02lib_elec
		and p.t02cod_pers = #codPersonal#
	ORDER BY
		d.t07cod_dcto
  </select>
  
</sqlMap>