<?xml version="1.0" encoding="UTF-8" ?>
<!DOCTYPE sqlMap PUBLIC "-//ibatis.apache.org//DTD SQL Map 2.0//EN" "http://ibatis.apache.org/dtd/sql-map-2.dtd" >
<sqlMap namespace="t12016seguimexped" >
  <resultMap id="BaseResultMap" class="pe.gob.sunat.recurso2.humano.sancion.model.SeguimientoExped" >
    <result column="num_id_exped" property="numIdExped" jdbcType="INTEGER" />
    <result column="num_seguim" property="numSeguim" jdbcType="INTEGER" />
    <result column="cod_tip_actor" property="codTipActor" jdbcType="CHAR" />
    <result column="cod_pers_orig" property="codPersOrig" jdbcType="CHAR" />
    <result column="cod_unid_orig" property="codUnidOrig" jdbcType="VARCHAR" />
    <result column="cod_pers_dest" property="codPersDest" jdbcType="CHAR" />
    <result column="cod_unid_dest" property="codUnidDest" jdbcType="VARCHAR" />
    <result column="cod_accion" property="codAccion" jdbcType="CHAR" />
    <result column="cod_estado" property="codEstado" jdbcType="CHAR" />
    <result column="ind_ult_seguim" property="indUltSeguim" jdbcType="CHAR" />
    <result column="des_observ" property="desObserv" jdbcType="VARCHAR" />
    <result column="cod_fase_dest" property="codFaseDest" jdbcType="CHAR" />
    <result column="ind_del" property="indDel" jdbcType="CHAR" />
    <result column="cod_usuregis" property="codUsuregis" jdbcType="VARCHAR" />
    <result column="fec_regis" property="fecRegis" jdbcType="TIMESTAMP" />
    <result column="cod_usumodif" property="codUsumodif" jdbcType="VARCHAR" />
    <result column="fec_modif" property="fecModif" jdbcType="TIMESTAMP" />
  </resultMap>
  
  <sql id="Example_Where_Clause" >
    <iterate property="oredCriteria" conjunction="or" prepend="where" removeFirstPrepend="iterate" >
      <isEqual property="oredCriteria[].valid" compareValue="true" >
        (
        <iterate prepend="and" property="oredCriteria[].criteriaWithoutValue" conjunction="and" >
          $oredCriteria[].criteriaWithoutValue[]$
        </iterate>
        <iterate prepend="and" property="oredCriteria[].criteriaWithSingleValue" conjunction="and" >
          $oredCriteria[].criteriaWithSingleValue[].condition$
            #oredCriteria[].criteriaWithSingleValue[].value#
        </iterate>
        <iterate prepend="and" property="oredCriteria[].criteriaWithListValue" conjunction="and" >
          $oredCriteria[].criteriaWithListValue[].condition$
          <iterate property="oredCriteria[].criteriaWithListValue[].values" open="(" close=")" conjunction="," >
            #oredCriteria[].criteriaWithListValue[].values[]#
          </iterate>
        </iterate>
        <iterate prepend="and" property="oredCriteria[].criteriaWithBetweenValue" conjunction="and" >
          $oredCriteria[].criteriaWithBetweenValue[].condition$
          #oredCriteria[].criteriaWithBetweenValue[].values[0]# and
          #oredCriteria[].criteriaWithBetweenValue[].values[1]#
        </iterate>
        )
      </isEqual>
    </iterate>
  </sql>
  
  <select id="selectByExample" resultMap="BaseResultMap" parameterClass="pe.gob.sunat.recurso2.humano.sancion.model.SeguimientoExpedExample" >
    select num_id_exped, num_seguim, cod_tip_actor, cod_pers_orig, cod_unid_orig, cod_pers_dest,
      cod_unid_dest, cod_accion, cod_estado, ind_ult_seguim, des_observ, cod_fase_dest, ind_del,
      cod_usuregis, fec_regis, cod_usumodif, fec_modif
    from t12016seguimexped
    <isParameterPresent >
      <include refid="t12016seguimexped.Example_Where_Clause" />
      <isNotNull property="orderByClause" >
        order by $orderByClause$
      </isNotNull>
    </isParameterPresent>
  </select>
  
  <select id="selectByPrimaryKey" resultMap="BaseResultMap" parameterClass="pe.gob.sunat.recurso2.humano.sancion.model.SeguimientoExpedKey" >
    select num_id_exped, num_seguim, cod_tip_actor, cod_pers_orig, cod_unid_orig, cod_pers_dest,
      cod_unid_dest, cod_accion, cod_estado, ind_ult_seguim, des_observ, cod_fase_dest, ind_del,
      cod_usuregis, fec_regis, cod_usumodif, fec_modif
    from t12016seguimexped
    where num_id_exped = #numIdExped:INTEGER#
      and num_seguim = #numSeguim:INTEGER#
  </select>
  
  <delete id="deleteByPrimaryKey" parameterClass="pe.gob.sunat.recurso2.humano.sancion.model.SeguimientoExpedKey" >
    delete from t12016seguimexped
    where num_id_exped = #numIdExped:INTEGER#
      and num_seguim = #numSeguim:INTEGER#
  </delete>
  
  <delete id="deleteByExample" parameterClass="pe.gob.sunat.recurso2.humano.sancion.model.SeguimientoExpedExample" >
    delete from t12016seguimexped
    <include refid="t12016seguimexped.Example_Where_Clause" />
  </delete>
  
  <insert id="insert" parameterClass="pe.gob.sunat.recurso2.humano.sancion.model.SeguimientoExped" >
    insert into t12016seguimexped (num_id_exped, num_seguim, cod_tip_actor, cod_pers_orig,
      cod_unid_orig, cod_pers_dest, cod_unid_dest, cod_accion, cod_estado, ind_ult_seguim,
      des_observ, cod_fase_dest, ind_del, cod_usuregis, fec_regis, cod_usumodif, fec_modif)
    values (#numIdExped:INTEGER#, #numSeguim:INTEGER#, #codTipActor:CHAR#, #codPersOrig:CHAR#,
      #codUnidOrig:VARCHAR#, #codPersDest:CHAR#, #codUnidDest:VARCHAR#, #codAccion:CHAR#,
      #codEstado:CHAR#, #indUltSeguim:CHAR#, #desObserv:VARCHAR#, #codFaseDest:CHAR#, #indDel:CHAR#,
      #codUsuregis:VARCHAR#, #fecRegis:TIMESTAMP#, #codUsumodif:VARCHAR#, #fecModif:TIMESTAMP#)
  </insert>
  
  <insert id="insertSelective" parameterClass="pe.gob.sunat.recurso2.humano.sancion.model.SeguimientoExped" >
    insert into t12016seguimexped
    <dynamic prepend="(" >
      <isNotNull prepend="," property="numIdExped" >
        num_id_exped
      </isNotNull>
      <isNotNull prepend="," property="numSeguim" >
        num_seguim
      </isNotNull>
      <isNotNull prepend="," property="codTipActor" >
        cod_tip_actor
      </isNotNull>
      <isNotNull prepend="," property="codPersOrig" >
        cod_pers_orig
      </isNotNull>
      <isNotNull prepend="," property="codUnidOrig" >
        cod_unid_orig
      </isNotNull>
      <isNotNull prepend="," property="codPersDest" >
        cod_pers_dest
      </isNotNull>
      <isNotNull prepend="," property="codUnidDest" >
        cod_unid_dest
      </isNotNull>
      <isNotNull prepend="," property="codAccion" >
        cod_accion
      </isNotNull>
      <isNotNull prepend="," property="codEstado" >
        cod_estado
      </isNotNull>
      <isNotNull prepend="," property="indUltSeguim" >
        ind_ult_seguim
      </isNotNull>
      <isNotNull prepend="," property="desObserv" >
        des_observ
      </isNotNull>
      <isNotNull prepend="," property="codFaseDest" >
        cod_fase_dest
      </isNotNull>
      <isNotNull prepend="," property="indDel" >
        ind_del
      </isNotNull>
      <isNotNull prepend="," property="codUsuregis" >
        cod_usuregis
      </isNotNull>
      <isNotNull prepend="," property="fecRegis" >
        fec_regis
      </isNotNull>
      <isNotNull prepend="," property="codUsumodif" >
        cod_usumodif
      </isNotNull>
      <isNotNull prepend="," property="fecModif" >
        fec_modif
      </isNotNull>
      )
    </dynamic>
    values
    <dynamic prepend="(" >
      <isNotNull prepend="," property="numIdExped" >
        #numIdExped:INTEGER#
      </isNotNull>
      <isNotNull prepend="," property="numSeguim" >
        #numSeguim:INTEGER#
      </isNotNull>
      <isNotNull prepend="," property="codTipActor" >
        #codTipActor:CHAR#
      </isNotNull>
      <isNotNull prepend="," property="codPersOrig" >
        #codPersOrig:CHAR#
      </isNotNull>
      <isNotNull prepend="," property="codUnidOrig" >
        #codUnidOrig:VARCHAR#
      </isNotNull>
      <isNotNull prepend="," property="codPersDest" >
        #codPersDest:CHAR#
      </isNotNull>
      <isNotNull prepend="," property="codUnidDest" >
        #codUnidDest:VARCHAR#
      </isNotNull>
      <isNotNull prepend="," property="codAccion" >
        #codAccion:CHAR#
      </isNotNull>
      <isNotNull prepend="," property="codEstado" >
        #codEstado:CHAR#
      </isNotNull>
      <isNotNull prepend="," property="indUltSeguim" >
        #indUltSeguim:CHAR#
      </isNotNull>
      <isNotNull prepend="," property="desObserv" >
        #desObserv:VARCHAR#
      </isNotNull>
      <isNotNull prepend="," property="codFaseDest" >
        #codFaseDest:CHAR#
      </isNotNull>
      <isNotNull prepend="," property="indDel" >
        #indDel:CHAR#
      </isNotNull>
      <isNotNull prepend="," property="codUsuregis" >
        #codUsuregis:VARCHAR#
      </isNotNull>
      <isNotNull prepend="," property="fecRegis" >
        #fecRegis:TIMESTAMP#
      </isNotNull>
      <isNotNull prepend="," property="codUsumodif" >
        #codUsumodif:VARCHAR#
      </isNotNull>
      <isNotNull prepend="," property="fecModif" >
        #fecModif:TIMESTAMP#
      </isNotNull>
      )
    </dynamic>
  </insert>
  
  <select id="countByExample" parameterClass="pe.gob.sunat.recurso2.humano.sancion.model.SeguimientoExpedExample" resultClass="java.lang.Integer" >
    select count(*) from t12016seguimexped
    <include refid="t12016seguimexped.Example_Where_Clause" />
  </select>
  
  <update id="updateByExampleSelective" >
    update t12016seguimexped
    <dynamic prepend="set" >
      <isNotNull prepend="," property="record.numIdExped" >
        num_id_exped = #record.numIdExped:INTEGER#
      </isNotNull>
      <isNotNull prepend="," property="record.numSeguim" >
        num_seguim = #record.numSeguim:INTEGER#
      </isNotNull>
      <isNotNull prepend="," property="record.codTipActor" >
        cod_tip_actor = #record.codTipActor:CHAR#
      </isNotNull>
      <isNotNull prepend="," property="record.codPersOrig" >
        cod_pers_orig = #record.codPersOrig:CHAR#
      </isNotNull>
      <isNotNull prepend="," property="record.codUnidOrig" >
        cod_unid_orig = #record.codUnidOrig:VARCHAR#
      </isNotNull>
      <isNotNull prepend="," property="record.codPersDest" >
        cod_pers_dest = #record.codPersDest:CHAR#
      </isNotNull>
      <isNotNull prepend="," property="record.codUnidDest" >
        cod_unid_dest = #record.codUnidDest:VARCHAR#
      </isNotNull>
      <isNotNull prepend="," property="record.codAccion" >
        cod_accion = #record.codAccion:CHAR#
      </isNotNull>
      <isNotNull prepend="," property="record.codEstado" >
        cod_estado = #record.codEstado:CHAR#
      </isNotNull>
      <isNotNull prepend="," property="record.indUltSeguim" >
        ind_ult_seguim = #record.indUltSeguim:CHAR#
      </isNotNull>
      <isNotNull prepend="," property="record.desObserv" >
        des_observ = #record.desObserv:VARCHAR#
      </isNotNull>
      <isNotNull prepend="," property="record.codFaseDest" >
        cod_fase_dest = #record.codFaseDest:CHAR#
      </isNotNull>
      <isNotNull prepend="," property="record.indDel" >
        ind_del = #record.indDel:CHAR#
      </isNotNull>
      <isNotNull prepend="," property="record.codUsuregis" >
        cod_usuregis = #record.codUsuregis:VARCHAR#
      </isNotNull>
      <isNotNull prepend="," property="record.fecRegis" >
        fec_regis = #record.fecRegis:TIMESTAMP#
      </isNotNull>
      <isNotNull prepend="," property="record.codUsumodif" >
        cod_usumodif = #record.codUsumodif:VARCHAR#
      </isNotNull>
      <isNotNull prepend="," property="record.fecModif" >
        fec_modif = #record.fecModif:TIMESTAMP#
      </isNotNull>
    </dynamic>
    <isParameterPresent >
      <include refid="t12016seguimexped.Example_Where_Clause" />
    </isParameterPresent>
  </update>
  
  <update id="updateByExample" >
    update t12016seguimexped
    set num_id_exped = #record.numIdExped:INTEGER#,
      num_seguim = #record.numSeguim:INTEGER#,
      cod_tip_actor = #record.codTipActor:CHAR#,
      cod_pers_orig = #record.codPersOrig:CHAR#,
      cod_unid_orig = #record.codUnidOrig:VARCHAR#,
      cod_pers_dest = #record.codPersDest:CHAR#,
      cod_unid_dest = #record.codUnidDest:VARCHAR#,
      cod_accion = #record.codAccion:CHAR#,
      cod_estado = #record.codEstado:CHAR#,
      ind_ult_seguim = #record.indUltSeguim:CHAR#,
      des_observ = #record.desObserv:VARCHAR#,
      cod_fase_dest = #record.codFaseDest:CHAR#,
      ind_del = #record.indDel:CHAR#,
      cod_usuregis = #record.codUsuregis:VARCHAR#,
      fec_regis = #record.fecRegis:TIMESTAMP#,
      cod_usumodif = #record.codUsumodif:VARCHAR#,
      fec_modif = #record.fecModif:TIMESTAMP#
    <isParameterPresent >
      <include refid="t12016seguimexped.Example_Where_Clause" />
    </isParameterPresent>
  </update>
  
  <update id="updateByPrimaryKeySelective" parameterClass="pe.gob.sunat.recurso2.humano.sancion.model.SeguimientoExped" >
    update t12016seguimexped
    <dynamic prepend="set" >
      <isNotNull prepend="," property="codTipActor" >
        cod_tip_actor = #codTipActor:CHAR#
      </isNotNull>
      <isNotNull prepend="," property="codPersOrig" >
        cod_pers_orig = #codPersOrig:CHAR#
      </isNotNull>
      <isNotNull prepend="," property="codUnidOrig" >
        cod_unid_orig = #codUnidOrig:VARCHAR#
      </isNotNull>
      <isNotNull prepend="," property="codPersDest" >
        cod_pers_dest = #codPersDest:CHAR#
      </isNotNull>
      <isNotNull prepend="," property="codUnidDest" >
        cod_unid_dest = #codUnidDest:VARCHAR#
      </isNotNull>
      <isNotNull prepend="," property="codAccion" >
        cod_accion = #codAccion:CHAR#
      </isNotNull>
      <isNotNull prepend="," property="codEstado" >
        cod_estado = #codEstado:CHAR#
      </isNotNull>
      <isNotNull prepend="," property="indUltSeguim" >
        ind_ult_seguim = #indUltSeguim:CHAR#
      </isNotNull>
      <isNotNull prepend="," property="desObserv" >
        des_observ = #desObserv:VARCHAR#
      </isNotNull>
      <isNotNull prepend="," property="codFaseDest" >
        cod_fase_dest = #codFaseDest:CHAR#
      </isNotNull>
      <isNotNull prepend="," property="indDel" >
        ind_del = #indDel:CHAR#
      </isNotNull>
      <isNotNull prepend="," property="codUsuregis" >
        cod_usuregis = #codUsuregis:VARCHAR#
      </isNotNull>
      <isNotNull prepend="," property="fecRegis" >
        fec_regis = #fecRegis:TIMESTAMP#
      </isNotNull>
      <isNotNull prepend="," property="codUsumodif" >
        cod_usumodif = #codUsumodif:VARCHAR#
      </isNotNull>
      <isNotNull prepend="," property="fecModif" >
        fec_modif = #fecModif:TIMESTAMP#
      </isNotNull>
    </dynamic>
    where num_id_exped = #numIdExped:INTEGER#
      and num_seguim = #numSeguim:INTEGER#
  </update>
  
  <update id="updateByPrimaryKey" parameterClass="pe.gob.sunat.recurso2.humano.sancion.model.SeguimientoExped" >
    update t12016seguimexped
    set cod_tip_actor = #codTipActor:CHAR#,
      cod_pers_orig = #codPersOrig:CHAR#,
      cod_unid_orig = #codUnidOrig:VARCHAR#,
      cod_pers_dest = #codPersDest:CHAR#,
      cod_unid_dest = #codUnidDest:VARCHAR#,
      cod_accion = #codAccion:CHAR#,
      cod_estado = #codEstado:CHAR#,
      ind_ult_seguim = #indUltSeguim:CHAR#,
      des_observ = #desObserv:VARCHAR#,
      cod_fase_dest = #codFaseDest:CHAR#,
      ind_del = #indDel:CHAR#,
      cod_usuregis = #codUsuregis:VARCHAR#,
      fec_regis = #fecRegis:TIMESTAMP#,
      cod_usumodif = #codUsumodif:VARCHAR#,
      fec_modif = #fecModif:TIMESTAMP#
    where num_id_exped = #numIdExped:INTEGER#
      and num_seguim = #numSeguim:INTEGER#
  </update>
  
</sqlMap>