<?xml version="1.0" encoding="UTF-8" ?>
<!DOCTYPE sqlMap PUBLIC "-//ibatis.apache.org//DTD SQL Map 2.0//EN" "http://ibatis.apache.org/dtd/sql-map-2.dtd" >
<sqlMap namespace="t12015documsanci" >
  <resultMap id="BaseResultMap" class="pe.gob.sunat.recurso2.humano.sancion.model.DocumentoSanci" >
    <result column="num_id_docum" property="numIdDocum" jdbcType="INTEGER" />
    <result column="num_id_exped" property="numIdExped" jdbcType="INTEGER" />
    <result column="cod_pers_denun" property="codPersDenun" jdbcType="CHAR" />
    <result column="cod_tip_docum" property="codTipDocum" jdbcType="CHAR" />
    <result column="num_docum" property="numDocum" jdbcType="VARCHAR" />
    <result column="num_inform" property="numInform" jdbcType="VARCHAR" />
    <result column="fec_emision" property="fecEmision" jdbcType="DATE" />
    <result column="fec_recepcion" property="fecRecepcion" jdbcType="DATE" />
    <result column="fec_notifica" property="fecNotifica" jdbcType="DATE" />
    <result column="num_arch_docum" property="numArchDocum" jdbcType="INTEGER" />
    <result column="des_observa" property="desObserva" jdbcType="VARCHAR" />
    <result column="cod_unid_emis" property="codUnidEmis" jdbcType="VARCHAR" />
    <result column="cod_fase_docum" property="codFaseDocum" jdbcType="CHAR" />
    <result column="ind_doc_inicio" property="indDocInicio" jdbcType="CHAR" />
    <result column="num_dias_amplia" property="numDiasAmplia" jdbcType="INTEGER" />
    <result column="ind_del" property="indDel" jdbcType="CHAR" />
    <result column="cod_usuregis" property="codUsuregis" jdbcType="VARCHAR" />
    <result column="fec_regis" property="fecRegis" jdbcType="TIMESTAMP" />
    <result column="cod_usumodif" property="codUsumodif" jdbcType="VARCHAR" />
    <result column="fec_modif" property="fecModif" jdbcType="TIMESTAMP" />
  </resultMap>
  
  <sql id="Example_Where_Clause" >
    <iterate property="oredCriteria" conjunction="or" prepend="where" removeFirstPrepend="iterate" >
      <isEqual property="oredCriteria[].valid" compareValue="true" >
        (
        <iterate prepend="and" property="oredCriteria[].criteriaWithoutValue" conjunction="and" >
          $oredCriteria[].criteriaWithoutValue[]$
        </iterate>
        <iterate prepend="and" property="oredCriteria[].criteriaWithSingleValue" conjunction="and" >
          $oredCriteria[].criteriaWithSingleValue[].condition$
            #oredCriteria[].criteriaWithSingleValue[].value#
        </iterate>
        <iterate prepend="and" property="oredCriteria[].criteriaWithListValue" conjunction="and" >
          $oredCriteria[].criteriaWithListValue[].condition$
          <iterate property="oredCriteria[].criteriaWithListValue[].values" open="(" close=")" conjunction="," >
            #oredCriteria[].criteriaWithListValue[].values[]#
          </iterate>
        </iterate>
        <iterate prepend="and" property="oredCriteria[].criteriaWithBetweenValue" conjunction="and" >
          $oredCriteria[].criteriaWithBetweenValue[].condition$
          #oredCriteria[].criteriaWithBetweenValue[].values[0]# and
          #oredCriteria[].criteriaWithBetweenValue[].values[1]#
        </iterate>
        )
      </isEqual>
    </iterate>
  </sql>
  
  <select id="selectByExample" resultMap="BaseResultMap" parameterClass="pe.gob.sunat.recurso2.humano.sancion.model.DocumentoSanciExample" >
    select num_id_docum, num_id_exped, cod_pers_denun, cod_tip_docum, num_docum, num_inform,
      fec_emision, fec_recepcion, fec_notifica, num_arch_docum, des_observa, cod_unid_emis,
      cod_fase_docum, ind_doc_inicio, num_dias_amplia, ind_del, cod_usuregis, fec_regis,
      cod_usumodif, fec_modif
    from t12015documsanci
    <isParameterPresent >
      <include refid="t12015documsanci.Example_Where_Clause" />
      <isNotNull property="orderByClause" >
        order by $orderByClause$
      </isNotNull>
    </isParameterPresent>
  </select>
  
  <select id="selectByPrimaryKey" resultMap="BaseResultMap" parameterClass="pe.gob.sunat.recurso2.humano.sancion.model.DocumentoSanci" >
    select num_id_docum, num_id_exped, cod_pers_denun, cod_tip_docum, num_docum, num_inform,
      fec_emision, fec_recepcion, fec_notifica, num_arch_docum, des_observa, cod_unid_emis,
      cod_fase_docum, ind_doc_inicio, num_dias_amplia, ind_del, cod_usuregis, fec_regis,
      cod_usumodif, fec_modif
    from t12015documsanci
    where num_id_docum = #numIdDocum:INTEGER#
  </select>
  
  <delete id="deleteByPrimaryKey" parameterClass="pe.gob.sunat.recurso2.humano.sancion.model.DocumentoSanci" >
    delete from t12015documsanci
    where num_id_docum = #numIdDocum:INTEGER#
  </delete>
  
  <delete id="deleteByExample" parameterClass="pe.gob.sunat.recurso2.humano.sancion.model.DocumentoSanciExample" >
    delete from t12015documsanci
    <include refid="t12015documsanci.Example_Where_Clause" />
  </delete>
  
  <insert id="insert" parameterClass="pe.gob.sunat.recurso2.humano.sancion.model.DocumentoSanci" >
    insert into t12015documsanci (num_id_docum, num_id_exped, cod_pers_denun, cod_tip_docum,
      num_docum, num_inform, fec_emision, fec_recepcion, fec_notifica, num_arch_docum, des_observa,
      cod_unid_emis, cod_fase_docum, ind_doc_inicio, num_dias_amplia, ind_del, cod_usuregis,
      fec_regis, cod_usumodif, fec_modif)
    values (#numIdDocum:INTEGER#, #numIdExped:INTEGER#, #codPersDenun:CHAR#, #codTipDocum:CHAR#,
      #numDocum:VARCHAR#, #numInform:VARCHAR#, #fecEmision:DATE#, #fecRecepcion:DATE#,
      #fecNotifica:DATE#, #numArchDocum:INTEGER#, #desObserva:VARCHAR#, #codUnidEmis:VARCHAR#,
      #codFaseDocum:CHAR#, #indDocInicio:CHAR#, #numDiasAmplia:INTEGER#, #indDel:CHAR#,
      #codUsuregis:VARCHAR#, #fecRegis:TIMESTAMP#, #codUsumodif:VARCHAR#, #fecModif:TIMESTAMP#)
  </insert>
  
  <insert id="insertSelective" parameterClass="pe.gob.sunat.recurso2.humano.sancion.model.DocumentoSanci" >
    insert into t12015documsanci
    <dynamic prepend="(" >
      <isNotNull prepend="," property="numIdDocum" >
        num_id_docum
      </isNotNull>
      <isNotNull prepend="," property="numIdExped" >
        num_id_exped
      </isNotNull>
      <isNotNull prepend="," property="codPersDenun" >
        cod_pers_denun
      </isNotNull>
      <isNotNull prepend="," property="codTipDocum" >
        cod_tip_docum
      </isNotNull>
      <isNotNull prepend="," property="numDocum" >
        num_docum
      </isNotNull>
      <isNotNull prepend="," property="numInform" >
        num_inform
      </isNotNull>
      <isNotNull prepend="," property="fecEmision" >
        fec_emision
      </isNotNull>
      <isNotNull prepend="," property="fecRecepcion" >
        fec_recepcion
      </isNotNull>
      <isNotNull prepend="," property="fecNotifica" >
        fec_notifica
      </isNotNull>
      <isNotNull prepend="," property="numArchDocum" >
        num_arch_docum
      </isNotNull>
      <isNotNull prepend="," property="desObserva" >
        des_observa
      </isNotNull>
      <isNotNull prepend="," property="codUnidEmis" >
        cod_unid_emis
      </isNotNull>
      <isNotNull prepend="," property="codFaseDocum" >
        cod_fase_docum
      </isNotNull>
      <isNotNull prepend="," property="indDocInicio" >
        ind_doc_inicio
      </isNotNull>
      <isNotNull prepend="," property="numDiasAmplia" >
        num_dias_amplia
      </isNotNull>
      <isNotNull prepend="," property="indDel" >
        ind_del
      </isNotNull>
      <isNotNull prepend="," property="codUsuregis" >
        cod_usuregis
      </isNotNull>
      <isNotNull prepend="," property="fecRegis" >
        fec_regis
      </isNotNull>
      <isNotNull prepend="," property="codUsumodif" >
        cod_usumodif
      </isNotNull>
      <isNotNull prepend="," property="fecModif" >
        fec_modif
      </isNotNull>
      )
    </dynamic>
    values
    <dynamic prepend="(" >
      <isNotNull prepend="," property="numIdDocum" >
        #numIdDocum:INTEGER#
      </isNotNull>
      <isNotNull prepend="," property="numIdExped" >
        #numIdExped:INTEGER#
      </isNotNull>
      <isNotNull prepend="," property="codPersDenun" >
        #codPersDenun:CHAR#
      </isNotNull>
      <isNotNull prepend="," property="codTipDocum" >
        #codTipDocum:CHAR#
      </isNotNull>
      <isNotNull prepend="," property="numDocum" >
        #numDocum:VARCHAR#
      </isNotNull>
      <isNotNull prepend="," property="numInform" >
        #numInform:VARCHAR#
      </isNotNull>
      <isNotNull prepend="," property="fecEmision" >
        #fecEmision:DATE#
      </isNotNull>
      <isNotNull prepend="," property="fecRecepcion" >
        #fecRecepcion:DATE#
      </isNotNull>
      <isNotNull prepend="," property="fecNotifica" >
        #fecNotifica:DATE#
      </isNotNull>
      <isNotNull prepend="," property="numArchDocum" >
        #numArchDocum:INTEGER#
      </isNotNull>
      <isNotNull prepend="," property="desObserva" >
        #desObserva:VARCHAR#
      </isNotNull>
      <isNotNull prepend="," property="codUnidEmis" >
        #codUnidEmis:VARCHAR#
      </isNotNull>
      <isNotNull prepend="," property="codFaseDocum" >
        #codFaseDocum:CHAR#
      </isNotNull>
      <isNotNull prepend="," property="indDocInicio" >
        #indDocInicio:CHAR#
      </isNotNull>
      <isNotNull prepend="," property="numDiasAmplia" >
        #numDiasAmplia:INTEGER#
      </isNotNull>
      <isNotNull prepend="," property="indDel" >
        #indDel:CHAR#
      </isNotNull>
      <isNotNull prepend="," property="codUsuregis" >
        #codUsuregis:VARCHAR#
      </isNotNull>
      <isNotNull prepend="," property="fecRegis" >
        #fecRegis:TIMESTAMP#
      </isNotNull>
      <isNotNull prepend="," property="codUsumodif" >
        #codUsumodif:VARCHAR#
      </isNotNull>
      <isNotNull prepend="," property="fecModif" >
        #fecModif:TIMESTAMP#
      </isNotNull>
      )
    </dynamic>
    <selectKey resultClass="int" keyProperty="numIdDocum">
      SELECT DISTINCT dbinfo('sqlca.sqlerrd1') FROM t12015documsanci;
    </selectKey>
  </insert>
  
  <select id="countByExample" parameterClass="pe.gob.sunat.recurso2.humano.sancion.model.DocumentoSanciExample" resultClass="java.lang.Integer" >
    select count(*) from t12015documsanci
    <include refid="t12015documsanci.Example_Where_Clause" />
  </select>
  
  <update id="updateByExampleSelective" >
    update t12015documsanci
    <dynamic prepend="set" >
      <isNotNull prepend="," property="record.numIdDocum" >
        num_id_docum = #record.numIdDocum:INTEGER#
      </isNotNull>
      <isNotNull prepend="," property="record.numIdExped" >
        num_id_exped = #record.numIdExped:INTEGER#
      </isNotNull>
      <isNotNull prepend="," property="record.codPersDenun" >
        cod_pers_denun = #record.codPersDenun:CHAR#
      </isNotNull>
      <isNotNull prepend="," property="record.codTipDocum" >
        cod_tip_docum = #record.codTipDocum:CHAR#
      </isNotNull>
      <isNotNull prepend="," property="record.numDocum" >
        num_docum = #record.numDocum:VARCHAR#
      </isNotNull>
      <isNotNull prepend="," property="record.numInform" >
        num_inform = #record.numInform:VARCHAR#
      </isNotNull>
      <isNotNull prepend="," property="record.fecEmision" >
        fec_emision = #record.fecEmision:DATE#
      </isNotNull>
      <isNotNull prepend="," property="record.fecRecepcion" >
        fec_recepcion = #record.fecRecepcion:DATE#
      </isNotNull>
      <isNotNull prepend="," property="record.fecNotifica" >
        fec_notifica = #record.fecNotifica:DATE#
      </isNotNull>
      <isNotNull prepend="," property="record.numArchDocum" >
        num_arch_docum = #record.numArchDocum:INTEGER#
      </isNotNull>
      <isNotNull prepend="," property="record.desObserva" >
        des_observa = #record.desObserva:VARCHAR#
      </isNotNull>
      <isNotNull prepend="," property="record.codUnidEmis" >
        cod_unid_emis = #record.codUnidEmis:VARCHAR#
      </isNotNull>
      <isNotNull prepend="," property="record.codFaseDocum" >
        cod_fase_docum = #record.codFaseDocum:CHAR#
      </isNotNull>
      <isNotNull prepend="," property="record.indDocInicio" >
        ind_doc_inicio = #record.indDocInicio:CHAR#
      </isNotNull>
      <isNotNull prepend="," property="record.numDiasAmplia" >
        num_dias_amplia = #record.numDiasAmplia:INTEGER#
      </isNotNull>
      <isNotNull prepend="," property="record.indDel" >
        ind_del = #record.indDel:CHAR#
      </isNotNull>
      <isNotNull prepend="," property="record.codUsuregis" >
        cod_usuregis = #record.codUsuregis:VARCHAR#
      </isNotNull>
      <isNotNull prepend="," property="record.fecRegis" >
        fec_regis = #record.fecRegis:TIMESTAMP#
      </isNotNull>
      <isNotNull prepend="," property="record.codUsumodif" >
        cod_usumodif = #record.codUsumodif:VARCHAR#
      </isNotNull>
      <isNotNull prepend="," property="record.fecModif" >
        fec_modif = #record.fecModif:TIMESTAMP#
      </isNotNull>
    </dynamic>
    <isParameterPresent >
      <include refid="t12015documsanci.Example_Where_Clause" />
    </isParameterPresent>
  </update>
  
  <update id="updateByExample" >
    update t12015documsanci
    set num_id_docum = #record.numIdDocum:INTEGER#,
      num_id_exped = #record.numIdExped:INTEGER#,
      cod_pers_denun = #record.codPersDenun:CHAR#,
      cod_tip_docum = #record.codTipDocum:CHAR#,
      num_docum = #record.numDocum:VARCHAR#,
      num_inform = #record.numInform:VARCHAR#,
      fec_emision = #record.fecEmision:DATE#,
      fec_recepcion = #record.fecRecepcion:DATE#,
      fec_notifica = #record.fecNotifica:DATE#,
      num_arch_docum = #record.numArchDocum:INTEGER#,
      des_observa = #record.desObserva:VARCHAR#,
      cod_unid_emis = #record.codUnidEmis:VARCHAR#,
      cod_fase_docum = #record.codFaseDocum:CHAR#,
      ind_doc_inicio = #record.indDocInicio:CHAR#,
      num_dias_amplia = #record.numDiasAmplia:INTEGER#,
      ind_del = #record.indDel:CHAR#,
      cod_usuregis = #record.codUsuregis:VARCHAR#,
      fec_regis = #record.fecRegis:TIMESTAMP#,
      cod_usumodif = #record.codUsumodif:VARCHAR#,
      fec_modif = #record.fecModif:TIMESTAMP#
    <isParameterPresent >
      <include refid="t12015documsanci.Example_Where_Clause" />
    </isParameterPresent>
  </update>
  
  <update id="updateByPrimaryKeySelective" parameterClass="pe.gob.sunat.recurso2.humano.sancion.model.DocumentoSanci" >
    update t12015documsanci
    <dynamic prepend="set" >
      <isNotNull prepend="," property="numIdExped" >
        num_id_exped = #numIdExped:INTEGER#
      </isNotNull>
      <isNotNull prepend="," property="codPersDenun" >
        cod_pers_denun = #codPersDenun:CHAR#
      </isNotNull>
      <isNotNull prepend="," property="codTipDocum" >
        cod_tip_docum = #codTipDocum:CHAR#
      </isNotNull>
      <isNotNull prepend="," property="numDocum" >
        num_docum = #numDocum:VARCHAR#
      </isNotNull>
      <isNotNull prepend="," property="numInform" >
        num_inform = #numInform:VARCHAR#
      </isNotNull>
      <isNotNull prepend="," property="fecEmision" >
        fec_emision = #fecEmision:DATE#
      </isNotNull>
      <isNotNull prepend="," property="fecRecepcion" >
        fec_recepcion = #fecRecepcion:DATE#
      </isNotNull>
      <isNotNull prepend="," property="fecNotifica" >
        fec_notifica = #fecNotifica:DATE#
      </isNotNull>
      <isNotNull prepend="," property="numArchDocum" >
        num_arch_docum = #numArchDocum:INTEGER#
      </isNotNull>
      <isNotNull prepend="," property="desObserva" >
        des_observa = #desObserva:VARCHAR#
      </isNotNull>
      <isNotNull prepend="," property="codUnidEmis" >
        cod_unid_emis = #codUnidEmis:VARCHAR#
      </isNotNull>
      <isNotNull prepend="," property="codFaseDocum" >
        cod_fase_docum = #codFaseDocum:CHAR#
      </isNotNull>
      <isNotNull prepend="," property="indDocInicio" >
        ind_doc_inicio = #indDocInicio:CHAR#
      </isNotNull>
      <isNotNull prepend="," property="numDiasAmplia" >
        num_dias_amplia = #numDiasAmplia:INTEGER#
      </isNotNull>
      <isNotNull prepend="," property="indDel" >
        ind_del = #indDel:CHAR#
      </isNotNull>
      <isNotNull prepend="," property="codUsuregis" >
        cod_usuregis = #codUsuregis:VARCHAR#
      </isNotNull>
      <isNotNull prepend="," property="fecRegis" >
        fec_regis = #fecRegis:TIMESTAMP#
      </isNotNull>
      <isNotNull prepend="," property="codUsumodif" >
        cod_usumodif = #codUsumodif:VARCHAR#
      </isNotNull>
      <isNotNull prepend="," property="fecModif" >
        fec_modif = #fecModif:TIMESTAMP#
      </isNotNull>
    </dynamic>
    where num_id_docum = #numIdDocum:INTEGER#
  </update>
  
  <update id="updateByPrimaryKey" parameterClass="pe.gob.sunat.recurso2.humano.sancion.model.DocumentoSanci" >
    update t12015documsanci
    set num_id_exped = #numIdExped:INTEGER#,
      cod_pers_denun = #codPersDenun:CHAR#,
      cod_tip_docum = #codTipDocum:CHAR#,
      num_docum = #numDocum:VARCHAR#,
      num_inform = #numInform:VARCHAR#,
      fec_emision = #fecEmision:DATE#,
      fec_recepcion = #fecRecepcion:DATE#,
      fec_notifica = #fecNotifica:DATE#,
      num_arch_docum = #numArchDocum:INTEGER#,
      des_observa = #desObserva:VARCHAR#,
      cod_unid_emis = #codUnidEmis:VARCHAR#,
      cod_fase_docum = #codFaseDocum:CHAR#,
      ind_doc_inicio = #indDocInicio:CHAR#,
      num_dias_amplia = #numDiasAmplia:INTEGER#,
      ind_del = #indDel:CHAR#,
      cod_usuregis = #codUsuregis:VARCHAR#,
      fec_regis = #fecRegis:TIMESTAMP#,
      cod_usumodif = #codUsumodif:VARCHAR#,
      fec_modif = #fecModif:TIMESTAMP#
    where num_id_docum = #numIdDocum:INTEGER#
  </update>
  
</sqlMap>