<?xml version="1.0" encoding="UTF-8" ?>
<!DOCTYPE sqlMap PUBLIC "-//ibatis.apache.org//DTD SQL Map 2.0//EN" "http://ibatis.apache.org/dtd/sql-map-2.dtd" >
<sqlMap namespace="t12014expedisanci" >
  <resultMap id="BaseResultMap" class="pe.gob.sunat.recurso2.humano.sancion.model.ExpedienteSanci" >
    <result column="num_id_exped" property="numIdExped" jdbcType="INTEGER" />
    <result column="num_anio" property="numAnio" jdbcType="INTEGER" />
    <result column="num_correl" property="numCorrel" jdbcType="INTEGER" />
    <result column="cod_pers_denun" property="codPersDenun" jdbcType="CHAR" />
    <result column="cod_unid_ultim" property="codUnidUltim" jdbcType="VARCHAR" />
    <result column="cod_tip_exped" property="codTipExped" jdbcType="CHAR" />
    <result column="fec_ocurren" property="fecOcurren" jdbcType="DATE" />
    <result column="cod_unid_instru" property="codUnidInstru" jdbcType="VARCHAR" />
    <result column="cod_unid_sanci" property="codUnidSanci" jdbcType="VARCHAR" />
    <result column="cod_pers_espec" property="codPersEspec" jdbcType="CHAR" />
    <result column="cod_fase_act" property="codFaseAct" jdbcType="CHAR" />
    <result column="cod_accion" property="codAccion" jdbcType="CHAR" />
    <result column="cod_estado" property="codEstado" jdbcType="CHAR" />
    <result column="cod_sanc_preca" property="codSancPreca" jdbcType="CHAR" />
    <result column="cod_sanc_instru" property="codSancInstru" jdbcType="CHAR" />
    <result column="cod_sanc_sanci" property="codSancSanci" jdbcType="CHAR" />
    <result column="cod_fuen_proce" property="codFuenProce" jdbcType="CHAR" />
    <result column="num_dias_atenc" property="numDiasAtenc" jdbcType="INTEGER" />
    <result column="ind_del" property="indDel" jdbcType="CHAR" />
    <result column="cod_usuregis" property="codUsuregis" jdbcType="VARCHAR" />
    <result column="fec_regis" property="fecRegis" jdbcType="TIMESTAMP" />
    <result column="cod_usumodif" property="codUsumodif" jdbcType="VARCHAR" />
    <result column="fec_modif" property="fecModif" jdbcType="TIMESTAMP" />
  </resultMap>
  
  <resultMap id="ResultMapWithBLOBs" class="pe.gob.sunat.recurso2.humano.sancion.model.ExpedienteSanci" extends="t12014expedisanci.BaseResultMap" >
    <result column="des_ocurren" property="desOcurren" jdbcType="LONGVARCHAR" />
  </resultMap>
  
  <sql id="Example_Where_Clause" >
    <iterate property="oredCriteria" conjunction="or" prepend="where" removeFirstPrepend="iterate" >
      <isEqual property="oredCriteria[].valid" compareValue="true" >
        (
        <iterate prepend="and" property="oredCriteria[].criteriaWithoutValue" conjunction="and" >
          $oredCriteria[].criteriaWithoutValue[]$
        </iterate>
        <iterate prepend="and" property="oredCriteria[].criteriaWithSingleValue" conjunction="and" >
          $oredCriteria[].criteriaWithSingleValue[].condition$
            #oredCriteria[].criteriaWithSingleValue[].value#
        </iterate>
        <iterate prepend="and" property="oredCriteria[].criteriaWithListValue" conjunction="and" >
          $oredCriteria[].criteriaWithListValue[].condition$
          <iterate property="oredCriteria[].criteriaWithListValue[].values" open="(" close=")" conjunction="," >
            #oredCriteria[].criteriaWithListValue[].values[]#
          </iterate>
        </iterate>
        <iterate prepend="and" property="oredCriteria[].criteriaWithBetweenValue" conjunction="and" >
          $oredCriteria[].criteriaWithBetweenValue[].condition$
          #oredCriteria[].criteriaWithBetweenValue[].values[0]# and
          #oredCriteria[].criteriaWithBetweenValue[].values[1]#
        </iterate>
        )
      </isEqual>
    </iterate>
  </sql>
  
  <select id="selectByExampleWithBLOBs" resultMap="ResultMapWithBLOBs" parameterClass="pe.gob.sunat.recurso2.humano.sancion.model.ExpedienteSanciExample" >
    select num_id_exped, num_anio, num_correl, cod_pers_denun, cod_unid_ultim, cod_tip_exped,
      fec_ocurren, cod_unid_instru, cod_unid_sanci, cod_pers_espec, cod_fase_act, cod_accion,
      cod_estado, cod_sanc_preca, cod_sanc_instru, cod_sanc_sanci, cod_fuen_proce, num_dias_atenc,
      ind_del, cod_usuregis, fec_regis, cod_usumodif, fec_modif, des_ocurren
    from t12014expedisanci
    <isParameterPresent >
      <include refid="t12014expedisanci.Example_Where_Clause" />
      <isNotNull property="orderByClause" >
        order by $orderByClause$
      </isNotNull>
    </isParameterPresent>
  </select>
  
  <select id="selectByExample" resultMap="BaseResultMap" parameterClass="pe.gob.sunat.recurso2.humano.sancion.model.ExpedienteSanciExample" >
    select num_id_exped, num_anio, num_correl, cod_pers_denun, cod_unid_ultim, cod_tip_exped,
      fec_ocurren, cod_unid_instru, cod_unid_sanci, cod_pers_espec, cod_fase_act, cod_accion,
      cod_estado, cod_sanc_preca, cod_sanc_instru, cod_sanc_sanci, cod_fuen_proce, num_dias_atenc,
      ind_del, cod_usuregis, fec_regis, cod_usumodif, fec_modif
    from t12014expedisanci
    <isParameterPresent >
      <include refid="t12014expedisanci.Example_Where_Clause" />
      <isNotNull property="orderByClause" >
        order by $orderByClause$
      </isNotNull>
    </isParameterPresent>
  </select>
  
  <select id="selectByPrimaryKey" resultMap="ResultMapWithBLOBs" parameterClass="pe.gob.sunat.recurso2.humano.sancion.model.ExpedienteSanci" >
    select num_id_exped, num_anio, num_correl, cod_pers_denun, cod_unid_ultim, cod_tip_exped,
      fec_ocurren, cod_unid_instru, cod_unid_sanci, cod_pers_espec, cod_fase_act, cod_accion,
      cod_estado, cod_sanc_preca, cod_sanc_instru, cod_sanc_sanci, cod_fuen_proce, num_dias_atenc,
      ind_del, cod_usuregis, fec_regis, cod_usumodif, fec_modif, des_ocurren
    from t12014expedisanci
    where num_id_exped = #numIdExped:INTEGER#
  </select>
  
  <delete id="deleteByPrimaryKey" parameterClass="pe.gob.sunat.recurso2.humano.sancion.model.ExpedienteSanci" >
    delete from t12014expedisanci
    where num_id_exped = #numIdExped:INTEGER#
  </delete>
  
  <delete id="deleteByExample" parameterClass="pe.gob.sunat.recurso2.humano.sancion.model.ExpedienteSanciExample" >
    delete from t12014expedisanci
    <include refid="t12014expedisanci.Example_Where_Clause" />
  </delete>
  
  <insert id="insert" parameterClass="pe.gob.sunat.recurso2.humano.sancion.model.ExpedienteSanci" >
    insert into t12014expedisanci (num_id_exped, num_anio, num_correl, cod_pers_denun,
      cod_unid_ultim, cod_tip_exped, fec_ocurren, cod_unid_instru, cod_unid_sanci, cod_pers_espec,
      cod_fase_act, cod_accion, cod_estado, cod_sanc_preca, cod_sanc_instru, cod_sanc_sanci,
      cod_fuen_proce, num_dias_atenc, ind_del, cod_usuregis, fec_regis, cod_usumodif, fec_modif,
      des_ocurren)
    values (#numIdExped:INTEGER#, #numAnio:INTEGER#, #numCorrel:INTEGER#, #codPersDenun:CHAR#,
      #codUnidUltim:VARCHAR#, #codTipExped:CHAR#, #fecOcurren:DATE#, #codUnidInstru:VARCHAR#,
      #codUnidSanci:VARCHAR#, #codPersEspec:CHAR#, #codFaseAct:CHAR#, #codAccion:CHAR#,
      #codEstado:CHAR#, #codSancPreca:CHAR#, #codSancInstru:CHAR#, #codSancSanci:CHAR#,
      #codFuenProce:CHAR#, #numDiasAtenc:INTEGER#, #indDel:CHAR#, #codUsuregis:VARCHAR#,
      #fecRegis:TIMESTAMP#, #codUsumodif:VARCHAR#, #fecModif:TIMESTAMP#, #desOcurren:LONGVARCHAR#)
  </insert>
  
  <insert id="insertSelective" parameterClass="pe.gob.sunat.recurso2.humano.sancion.model.ExpedienteSanci" >
    insert into t12014expedisanci
    <dynamic prepend="(" >
      <isNotNull prepend="," property="numIdExped" >
        num_id_exped
      </isNotNull>
      <isNotNull prepend="," property="numAnio" >
        num_anio
      </isNotNull>
      <isNotNull prepend="," property="numCorrel" >
        num_correl
      </isNotNull>
      <isNotNull prepend="," property="codPersDenun" >
        cod_pers_denun
      </isNotNull>
      <isNotNull prepend="," property="codUnidUltim" >
        cod_unid_ultim
      </isNotNull>
      <isNotNull prepend="," property="codTipExped" >
        cod_tip_exped
      </isNotNull>
      <isNotNull prepend="," property="fecOcurren" >
        fec_ocurren
      </isNotNull>
      <isNotNull prepend="," property="codUnidInstru" >
        cod_unid_instru
      </isNotNull>
      <isNotNull prepend="," property="codUnidSanci" >
        cod_unid_sanci
      </isNotNull>
      <isNotNull prepend="," property="codPersEspec" >
        cod_pers_espec
      </isNotNull>
      <isNotNull prepend="," property="codFaseAct" >
        cod_fase_act
      </isNotNull>
      <isNotNull prepend="," property="codAccion" >
        cod_accion
      </isNotNull>
      <isNotNull prepend="," property="codEstado" >
        cod_estado
      </isNotNull>
      <isNotNull prepend="," property="codSancPreca" >
        cod_sanc_preca
      </isNotNull>
      <isNotNull prepend="," property="codSancInstru" >
        cod_sanc_instru
      </isNotNull>
      <isNotNull prepend="," property="codSancSanci" >
        cod_sanc_sanci
      </isNotNull>
      <isNotNull prepend="," property="codFuenProce" >
        cod_fuen_proce
      </isNotNull>
      <isNotNull prepend="," property="numDiasAtenc" >
        num_dias_atenc
      </isNotNull>
      <isNotNull prepend="," property="indDel" >
        ind_del
      </isNotNull>
      <isNotNull prepend="," property="codUsuregis" >
        cod_usuregis
      </isNotNull>
      <isNotNull prepend="," property="fecRegis" >
        fec_regis
      </isNotNull>
      <isNotNull prepend="," property="codUsumodif" >
        cod_usumodif
      </isNotNull>
      <isNotNull prepend="," property="fecModif" >
        fec_modif
      </isNotNull>
      <isNotNull prepend="," property="desOcurren" >
        des_ocurren
      </isNotNull>
      )
    </dynamic>
    values
    <dynamic prepend="(" >
      <isNotNull prepend="," property="numIdExped" >
        #numIdExped:INTEGER#
      </isNotNull>
      <isNotNull prepend="," property="numAnio" >
        #numAnio:INTEGER#
      </isNotNull>
      <isNotNull prepend="," property="numCorrel" >
        #numCorrel:INTEGER#
      </isNotNull>
      <isNotNull prepend="," property="codPersDenun" >
        #codPersDenun:CHAR#
      </isNotNull>
      <isNotNull prepend="," property="codUnidUltim" >
        #codUnidUltim:VARCHAR#
      </isNotNull>
      <isNotNull prepend="," property="codTipExped" >
        #codTipExped:CHAR#
      </isNotNull>
      <isNotNull prepend="," property="fecOcurren" >
        #fecOcurren:DATE#
      </isNotNull>
      <isNotNull prepend="," property="codUnidInstru" >
        #codUnidInstru:VARCHAR#
      </isNotNull>
      <isNotNull prepend="," property="codUnidSanci" >
        #codUnidSanci:VARCHAR#
      </isNotNull>
      <isNotNull prepend="," property="codPersEspec" >
        #codPersEspec:CHAR#
      </isNotNull>
      <isNotNull prepend="," property="codFaseAct" >
        #codFaseAct:CHAR#
      </isNotNull>
      <isNotNull prepend="," property="codAccion" >
        #codAccion:CHAR#
      </isNotNull>
      <isNotNull prepend="," property="codEstado" >
        #codEstado:CHAR#
      </isNotNull>
      <isNotNull prepend="," property="codSancPreca" >
        #codSancPreca:CHAR#
      </isNotNull>
      <isNotNull prepend="," property="codSancInstru" >
        #codSancInstru:CHAR#
      </isNotNull>
      <isNotNull prepend="," property="codSancSanci" >
        #codSancSanci:CHAR#
      </isNotNull>
      <isNotNull prepend="," property="codFuenProce" >
        #codFuenProce:CHAR#
      </isNotNull>
      <isNotNull prepend="," property="numDiasAtenc" >
        #numDiasAtenc:INTEGER#
      </isNotNull>
      <isNotNull prepend="," property="indDel" >
        #indDel:CHAR#
      </isNotNull>
      <isNotNull prepend="," property="codUsuregis" >
        #codUsuregis:VARCHAR#
      </isNotNull>
      <isNotNull prepend="," property="fecRegis" >
        #fecRegis:TIMESTAMP#
      </isNotNull>
      <isNotNull prepend="," property="codUsumodif" >
        #codUsumodif:VARCHAR#
      </isNotNull>
      <isNotNull prepend="," property="fecModif" >
        #fecModif:TIMESTAMP#
      </isNotNull>
      <isNotNull prepend="," property="desOcurren" >
        #desOcurren:LONGVARCHAR#
      </isNotNull>
      )
    </dynamic>
    <selectKey resultClass="int" keyProperty="numIdExped">
      SELECT DISTINCT dbinfo('sqlca.sqlerrd1') FROM t12014expedisanci;
    </selectKey>
  </insert>
  
  <select id="countByExample" parameterClass="pe.gob.sunat.recurso2.humano.sancion.model.ExpedienteSanciExample" resultClass="java.lang.Integer" >
    select count(*) from t12014expedisanci
    <include refid="t12014expedisanci.Example_Where_Clause" />
  </select>
  
  <update id="updateByExampleSelective" >
    update t12014expedisanci
    <dynamic prepend="set" >
      <isNotNull prepend="," property="record.numIdExped" >
        num_id_exped = #record.numIdExped:INTEGER#
      </isNotNull>
      <isNotNull prepend="," property="record.numAnio" >
        num_anio = #record.numAnio:INTEGER#
      </isNotNull>
      <isNotNull prepend="," property="record.numCorrel" >
        num_correl = #record.numCorrel:INTEGER#
      </isNotNull>
      <isNotNull prepend="," property="record.codPersDenun" >
        cod_pers_denun = #record.codPersDenun:CHAR#
      </isNotNull>
      <isNotNull prepend="," property="record.codUnidUltim" >
        cod_unid_ultim = #record.codUnidUltim:VARCHAR#
      </isNotNull>
      <isNotNull prepend="," property="record.codTipExped" >
        cod_tip_exped = #record.codTipExped:CHAR#
      </isNotNull>
      <isNotNull prepend="," property="record.fecOcurren" >
        fec_ocurren = #record.fecOcurren:DATE#
      </isNotNull>
      <isNotNull prepend="," property="record.codUnidInstru" >
        cod_unid_instru = #record.codUnidInstru:VARCHAR#
      </isNotNull>
      <isNotNull prepend="," property="record.codUnidSanci" >
        cod_unid_sanci = #record.codUnidSanci:VARCHAR#
      </isNotNull>
      <isNotNull prepend="," property="record.codPersEspec" >
        cod_pers_espec = #record.codPersEspec:CHAR#
      </isNotNull>
      <isNotNull prepend="," property="record.codFaseAct" >
        cod_fase_act = #record.codFaseAct:CHAR#
      </isNotNull>
      <isNotNull prepend="," property="record.codAccion" >
        cod_accion = #record.codAccion:CHAR#
      </isNotNull>
      <isNotNull prepend="," property="record.codEstado" >
        cod_estado = #record.codEstado:CHAR#
      </isNotNull>
      <isNotNull prepend="," property="record.codSancPreca" >
        cod_sanc_preca = #record.codSancPreca:CHAR#
      </isNotNull>
      <isNotNull prepend="," property="record.codSancInstru" >
        cod_sanc_instru = #record.codSancInstru:CHAR#
      </isNotNull>
      <isNotNull prepend="," property="record.codSancSanci" >
        cod_sanc_sanci = #record.codSancSanci:CHAR#
      </isNotNull>
      <isNotNull prepend="," property="record.codFuenProce" >
        cod_fuen_proce = #record.codFuenProce:CHAR#
      </isNotNull>
      <isNotNull prepend="," property="record.numDiasAtenc" >
        num_dias_atenc = #record.numDiasAtenc:INTEGER#
      </isNotNull>
      <isNotNull prepend="," property="record.indDel" >
        ind_del = #record.indDel:CHAR#
      </isNotNull>
      <isNotNull prepend="," property="record.codUsuregis" >
        cod_usuregis = #record.codUsuregis:VARCHAR#
      </isNotNull>
      <isNotNull prepend="," property="record.fecRegis" >
        fec_regis = #record.fecRegis:TIMESTAMP#
      </isNotNull>
      <isNotNull prepend="," property="record.codUsumodif" >
        cod_usumodif = #record.codUsumodif:VARCHAR#
      </isNotNull>
      <isNotNull prepend="," property="record.fecModif" >
        fec_modif = #record.fecModif:TIMESTAMP#
      </isNotNull>
      <isNotNull prepend="," property="record.desOcurren" >
        des_ocurren = #record.desOcurren:LONGVARCHAR#
      </isNotNull>
    </dynamic>
    <isParameterPresent >
      <include refid="t12014expedisanci.Example_Where_Clause" />
    </isParameterPresent>
  </update>
  
  <update id="updateByExampleWithBLOBs" >
    update t12014expedisanci
    set num_id_exped = #record.numIdExped:INTEGER#,
      num_anio = #record.numAnio:INTEGER#,
      num_correl = #record.numCorrel:INTEGER#,
      cod_pers_denun = #record.codPersDenun:CHAR#,
      cod_unid_ultim = #record.codUnidUltim:VARCHAR#,
      cod_tip_exped = #record.codTipExped:CHAR#,
      fec_ocurren = #record.fecOcurren:DATE#,
      cod_unid_instru = #record.codUnidInstru:VARCHAR#,
      cod_unid_sanci = #record.codUnidSanci:VARCHAR#,
      cod_pers_espec = #record.codPersEspec:CHAR#,
      cod_fase_act = #record.codFaseAct:CHAR#,
      cod_accion = #record.codAccion:CHAR#,
      cod_estado = #record.codEstado:CHAR#,
      cod_sanc_preca = #record.codSancPreca:CHAR#,
      cod_sanc_instru = #record.codSancInstru:CHAR#,
      cod_sanc_sanci = #record.codSancSanci:CHAR#,
      cod_fuen_proce = #record.codFuenProce:CHAR#,
      num_dias_atenc = #record.numDiasAtenc:INTEGER#,
      ind_del = #record.indDel:CHAR#,
      cod_usuregis = #record.codUsuregis:VARCHAR#,
      fec_regis = #record.fecRegis:TIMESTAMP#,
      cod_usumodif = #record.codUsumodif:VARCHAR#,
      fec_modif = #record.fecModif:TIMESTAMP#,
      des_ocurren = #record.desOcurren:LONGVARCHAR#
    <isParameterPresent >
      <include refid="t12014expedisanci.Example_Where_Clause" />
    </isParameterPresent>
  </update>
  
  <update id="updateByExample" >
    update t12014expedisanci
    set num_id_exped = #record.numIdExped:INTEGER#,
      num_anio = #record.numAnio:INTEGER#,
      num_correl = #record.numCorrel:INTEGER#,
      cod_pers_denun = #record.codPersDenun:CHAR#,
      cod_unid_ultim = #record.codUnidUltim:VARCHAR#,
      cod_tip_exped = #record.codTipExped:CHAR#,
      fec_ocurren = #record.fecOcurren:DATE#,
      cod_unid_instru = #record.codUnidInstru:VARCHAR#,
      cod_unid_sanci = #record.codUnidSanci:VARCHAR#,
      cod_pers_espec = #record.codPersEspec:CHAR#,
      cod_fase_act = #record.codFaseAct:CHAR#,
      cod_accion = #record.codAccion:CHAR#,
      cod_estado = #record.codEstado:CHAR#,
      cod_sanc_preca = #record.codSancPreca:CHAR#,
      cod_sanc_instru = #record.codSancInstru:CHAR#,
      cod_sanc_sanci = #record.codSancSanci:CHAR#,
      cod_fuen_proce = #record.codFuenProce:CHAR#,
      num_dias_atenc = #record.numDiasAtenc:INTEGER#,
      ind_del = #record.indDel:CHAR#,
      cod_usuregis = #record.codUsuregis:VARCHAR#,
      fec_regis = #record.fecRegis:TIMESTAMP#,
      cod_usumodif = #record.codUsumodif:VARCHAR#,
      fec_modif = #record.fecModif:TIMESTAMP#
    <isParameterPresent >
      <include refid="t12014expedisanci.Example_Where_Clause" />
    </isParameterPresent>
  </update>
  
  <update id="updateByPrimaryKeySelective" parameterClass="pe.gob.sunat.recurso2.humano.sancion.model.ExpedienteSanci" >
    update t12014expedisanci
    <dynamic prepend="set" >
      <isNotNull prepend="," property="numAnio" >
        num_anio = #numAnio:INTEGER#
      </isNotNull>
      <isNotNull prepend="," property="numCorrel" >
        num_correl = #numCorrel:INTEGER#
      </isNotNull>
      <isNotNull prepend="," property="codPersDenun" >
        cod_pers_denun = #codPersDenun:CHAR#
      </isNotNull>
      <isNotNull prepend="," property="codUnidUltim" >
        cod_unid_ultim = #codUnidUltim:VARCHAR#
      </isNotNull>
      <isNotNull prepend="," property="codTipExped" >
        cod_tip_exped = #codTipExped:CHAR#
      </isNotNull>
      <isNotNull prepend="," property="fecOcurren" >
        fec_ocurren = #fecOcurren:DATE#
      </isNotNull>
      <isNotNull prepend="," property="codUnidInstru" >
        cod_unid_instru = #codUnidInstru:VARCHAR#
      </isNotNull>
      <isNotNull prepend="," property="codUnidSanci" >
        cod_unid_sanci = #codUnidSanci:VARCHAR#
      </isNotNull>
      <isNotNull prepend="," property="codPersEspec" >
        cod_pers_espec = #codPersEspec:CHAR#
      </isNotNull>
      <isNotNull prepend="," property="codFaseAct" >
        cod_fase_act = #codFaseAct:CHAR#
      </isNotNull>
      <isNotNull prepend="," property="codAccion" >
        cod_accion = #codAccion:CHAR#
      </isNotNull>
      <isNotNull prepend="," property="codEstado" >
        cod_estado = #codEstado:CHAR#
      </isNotNull>
      <isNotNull prepend="," property="codSancPreca" >
        cod_sanc_preca = #codSancPreca:CHAR#
      </isNotNull>
      <isNotNull prepend="," property="codSancInstru" >
        cod_sanc_instru = #codSancInstru:CHAR#
      </isNotNull>
      <isNotNull prepend="," property="codSancSanci" >
        cod_sanc_sanci = #codSancSanci:CHAR#
      </isNotNull>
      <isNotNull prepend="," property="codFuenProce" >
        cod_fuen_proce = #codFuenProce:CHAR#
      </isNotNull>
      <isNotNull prepend="," property="numDiasAtenc" >
        num_dias_atenc = #numDiasAtenc:INTEGER#
      </isNotNull>
      <isNotNull prepend="," property="indDel" >
        ind_del = #indDel:CHAR#
      </isNotNull>
      <isNotNull prepend="," property="codUsuregis" >
        cod_usuregis = #codUsuregis:VARCHAR#
      </isNotNull>
      <isNotNull prepend="," property="fecRegis" >
        fec_regis = #fecRegis:TIMESTAMP#
      </isNotNull>
      <isNotNull prepend="," property="codUsumodif" >
        cod_usumodif = #codUsumodif:VARCHAR#
      </isNotNull>
      <isNotNull prepend="," property="fecModif" >
        fec_modif = #fecModif:TIMESTAMP#
      </isNotNull>
      <isNotNull prepend="," property="desOcurren" >
        des_ocurren = #desOcurren:LONGVARCHAR#
      </isNotNull>
    </dynamic>
    where num_id_exped = #numIdExped:INTEGER#
  </update>
  
  <update id="updateByPrimaryKeyWithBLOBs" parameterClass="pe.gob.sunat.recurso2.humano.sancion.model.ExpedienteSanci" >
    update t12014expedisanci
    set num_anio = #numAnio:INTEGER#,
      num_correl = #numCorrel:INTEGER#,
      cod_pers_denun = #codPersDenun:CHAR#,
      cod_unid_ultim = #codUnidUltim:VARCHAR#,
      cod_tip_exped = #codTipExped:CHAR#,
      fec_ocurren = #fecOcurren:DATE#,
      cod_unid_instru = #codUnidInstru:VARCHAR#,
      cod_unid_sanci = #codUnidSanci:VARCHAR#,
      cod_pers_espec = #codPersEspec:CHAR#,
      cod_fase_act = #codFaseAct:CHAR#,
      cod_accion = #codAccion:CHAR#,
      cod_estado = #codEstado:CHAR#,
      cod_sanc_preca = #codSancPreca:CHAR#,
      cod_sanc_instru = #codSancInstru:CHAR#,
      cod_sanc_sanci = #codSancSanci:CHAR#,
      cod_fuen_proce = #codFuenProce:CHAR#,
      num_dias_atenc = #numDiasAtenc:INTEGER#,
      ind_del = #indDel:CHAR#,
      cod_usuregis = #codUsuregis:VARCHAR#,
      fec_regis = #fecRegis:TIMESTAMP#,
      cod_usumodif = #codUsumodif:VARCHAR#,
      fec_modif = #fecModif:TIMESTAMP#,
      des_ocurren = #desOcurren:LONGVARCHAR#
    where num_id_exped = #numIdExped:INTEGER#
  </update>
  
  <update id="updateByPrimaryKey" parameterClass="pe.gob.sunat.recurso2.humano.sancion.model.ExpedienteSanci" >
    update t12014expedisanci
    set num_anio = #numAnio:INTEGER#,
      num_correl = #numCorrel:INTEGER#,
      cod_pers_denun = #codPersDenun:CHAR#,
      cod_unid_ultim = #codUnidUltim:VARCHAR#,
      cod_tip_exped = #codTipExped:CHAR#,
      fec_ocurren = #fecOcurren:DATE#,
      cod_unid_instru = #codUnidInstru:VARCHAR#,
      cod_unid_sanci = #codUnidSanci:VARCHAR#,
      cod_pers_espec = #codPersEspec:CHAR#,
      cod_fase_act = #codFaseAct:CHAR#,
      cod_accion = #codAccion:CHAR#,
      cod_estado = #codEstado:CHAR#,
      cod_sanc_preca = #codSancPreca:CHAR#,
      cod_sanc_instru = #codSancInstru:CHAR#,
      cod_sanc_sanci = #codSancSanci:CHAR#,
      cod_fuen_proce = #codFuenProce:CHAR#,
      num_dias_atenc = #numDiasAtenc:INTEGER#,
      ind_del = #indDel:CHAR#,
      cod_usuregis = #codUsuregis:VARCHAR#,
      fec_regis = #fecRegis:TIMESTAMP#,
      cod_usumodif = #codUsumodif:VARCHAR#,
      fec_modif = #fecModif:TIMESTAMP#
    where num_id_exped = #numIdExped:INTEGER#
  </update>
  
  <!-- personalizado -->
    
  <resultMap id="BaseResultMapIniciadas" class="pe.gob.sunat.recurso2.humano.sancion.model.ExpedienteSanci" extends="BaseResultMap">
  	<result column="nomPersDenun" property="nomPersDenun" jdbcType="VARCHAR" />
  	<result column="numDocum" property="numDocum" jdbcType="VARCHAR" />
  	<result column="numInform" property="numInform" jdbcType="VARCHAR" />
  	<result column="desTipExped" property="desTipExped" jdbcType="VARCHAR" />
  	<result column="desFaseAct" property="desFaseAct" jdbcType="VARCHAR" />
  	<result column="desEstado" property="desEstado" jdbcType="VARCHAR" />
  </resultMap>
  
  <select id="listarExpedientesIniciados" resultMap="BaseResultMapIniciadas" parameterClass="HashMap" >
    select exp.num_id_exped, exp.num_anio, exp.num_correl, exp.cod_pers_denun, exp.cod_unid_ultim, exp.cod_tip_exped,
      exp.fec_ocurren, exp.cod_unid_instru, exp.cod_unid_sanci, exp.cod_pers_espec, exp.cod_fase_act, exp.cod_accion,
      exp.cod_estado, exp.cod_sanc_preca, exp.cod_sanc_instru, exp.cod_sanc_sanci, exp.cod_fuen_proce, exp.num_dias_atenc, exp.ind_del, exp.cod_usuregis, exp.fec_regis,
      exp.cod_usumodif, exp.fec_modif,
      trim(p.t02ap_pate)||' '||trim(p.t02ap_mate)||', '||trim(p.t02nombres) as nomPersDenun,
      d.num_docum as numDocum,
      d.num_inform as numInform,
      trim(cte.t99descrip) as desTipExped,
      trim(cfa.t99descrip) as desFaseAct,
      trim(cee.t99descrip) as desEstado 
	from 
		t12014expedisanci exp  
		inner join t12016seguimexped seg on 
			exp.num_id_exped = seg.num_id_exped 
			and seg.ind_ult_seguim = '1' 
		inner join t02perdp p on
			p.t02cod_pers = exp.cod_pers_denun
		inner join t12015documsanci d on
			d.num_id_exped = exp.num_id_exped
			and d.ind_doc_inicio = '1'
			and d.ind_del = '0' 
		left join t99codigos cte on 
			cte.t99cod_tab = '693' 
			and cte.t99tip_desc = 'D' 
			and cte.t99codigo = exp.cod_tip_exped 
		left join t99codigos cfa on 
			cfa.t99cod_tab = '696' 
			and cfa.t99tip_desc = 'D' 
			and cfa.t99codigo = exp.cod_fase_act
		left join t99codigos cee on 
			cee.t99cod_tab = '698' 
			and cee.t99tip_desc = 'D' 
			and cee.t99codigo = exp.cod_estado	 
	 <dynamic prepend="where">
	 	  <isNotNull prepend="and" property="codPersDenun">
	 	  	exp.cod_pers_denun = #codPersDenun#
	 	  </isNotNull>
	 	  <isNotNull prepend="and" property="numIdExped">
	        exp.num_id_exped = #numIdExped#
	      </isNotNull>
	      <isNotNull prepend="and" property="codTipExped">
	        exp.cod_tip_exped = #codTipExped#
	      </isNotNull>
	      <isNotNull prepend="and" property="fecRegisIni">
	        exp.fec_regis between #fecRegisIni# and #fecRegisFin#
	      </isNotNull>
      </dynamic>
      order by exp.num_id_exped desc 
  </select>
  
  <select id="obtenerMaxCorrelByAnio" parameterClass="Integer" resultClass="Integer" >
    select 
    	nvl(max(num_correl),0)
	from 
		t12014expedisanci
	where
		num_anio = #numAnio#
  </select>

  
</sqlMap>