<?xml version="1.0" encoding="UTF-8" ?>
<!DOCTYPE sqlMap PUBLIC "-//ibatis.apache.org//DTD SQL Map 2.0//EN" "http://ibatis.apache.org/dtd/sql-map-2.dtd" >
<sqlMap namespace="t5864parametro" >
    
  <cacheModel id="paramSecundCache" type="OSCACHE" readOnly="true">
	<property name="reference-type" value="SOFT" />
	<property name="CacheSize" value="5000" />
	<flushInterval hours="1" />
  </cacheModel>
    
  <resultMap id="BaseResultMap" class="pe.gob.sunat.recurso2.humano.sancion.model.ParamSecund" >
    <result column="cod_tab" property="codTab" jdbcType="CHAR" />
    <result column="cod_tip_desc" property="codTipDesc" jdbcType="CHAR" />
    <result column="num_codigo" property="numCodigo" jdbcType="CHAR" />
    <result column="des_corta" property="desCorta" jdbcType="VARCHAR" />
    <result column="des_abreviatura" property="desAbreviatura" jdbcType="VARCHAR" />
    <result column="val_param" property="valParam" jdbcType="DECIMAL" />
    <result column="cod_estado" property="codEstado" jdbcType="CHAR" />
    <result column="cod_usuregis" property="codUsuregis" jdbcType="VARCHAR" />
    <result column="fec_regis" property="fecRegis" jdbcType="TIMESTAMP" />
    <result column="cod_usumodif" property="codUsumodif" jdbcType="VARCHAR" />
    <result column="fec_modif" property="fecModif" jdbcType="TIMESTAMP" />
  </resultMap>
  
  <resultMap id="ResultMapWithBLOBs" class="pe.gob.sunat.recurso2.humano.sancion.model.ParamSecundWithBLOBs" extends="t5864parametro.BaseResultMap" >
    <result column="des_larga" property="desLarga" jdbcType="VARCHAR" />
    <result column="des_glosa" property="desGlosa" jdbcType="VARCHAR" />
  </resultMap>
  
  <sql id="Example_Where_Clause" >
    <iterate property="oredCriteria" conjunction="or" prepend="where" removeFirstPrepend="iterate" >
      <isEqual property="oredCriteria[].valid" compareValue="true" >
        (
        <iterate prepend="and" property="oredCriteria[].criteriaWithoutValue" conjunction="and" >
          $oredCriteria[].criteriaWithoutValue[]$
        </iterate>
        <iterate prepend="and" property="oredCriteria[].criteriaWithSingleValue" conjunction="and" >
          $oredCriteria[].criteriaWithSingleValue[].condition$
            #oredCriteria[].criteriaWithSingleValue[].value#
        </iterate>
        <iterate prepend="and" property="oredCriteria[].criteriaWithListValue" conjunction="and" >
          $oredCriteria[].criteriaWithListValue[].condition$
          <iterate property="oredCriteria[].criteriaWithListValue[].values" open="(" close=")" conjunction="," >
            #oredCriteria[].criteriaWithListValue[].values[]#
          </iterate>
        </iterate>
        <iterate prepend="and" property="oredCriteria[].criteriaWithBetweenValue" conjunction="and" >
          $oredCriteria[].criteriaWithBetweenValue[].condition$
          #oredCriteria[].criteriaWithBetweenValue[].values[0]# and
          #oredCriteria[].criteriaWithBetweenValue[].values[1]#
        </iterate>
        )
      </isEqual>
    </iterate>
  </sql>
  
  <select id="selectByExampleWithBLOBs" resultMap="ResultMapWithBLOBs" parameterClass="pe.gob.sunat.recurso2.humano.sancion.model.ParamSecundExample" cacheModel="paramSecundCache">
    select cod_tab, cod_tip_desc, num_codigo, des_corta, des_abreviatura, val_param, cod_estado,
      cod_usuregis, fec_regis, cod_usumodif, fec_modif, des_larga, des_glosa
    from t5864parametro
    <isParameterPresent >
      <include refid="t5864parametro.Example_Where_Clause" />
      <isNotNull property="orderByClause" >
        order by $orderByClause$
      </isNotNull>
    </isParameterPresent>
  </select>
  
  <select id="selectByExample" resultMap="BaseResultMap" parameterClass="pe.gob.sunat.recurso2.humano.sancion.model.ParamSecundExample" cacheModel="paramSecundCache">
    select cod_tab, cod_tip_desc, num_codigo, des_corta, des_abreviatura, val_param, cod_estado,
      cod_usuregis, fec_regis, cod_usumodif, fec_modif
    from t5864parametro
    <isParameterPresent >
      <include refid="t5864parametro.Example_Where_Clause" />
      <isNotNull property="orderByClause" >
        order by $orderByClause$
      </isNotNull>
    </isParameterPresent>
  </select>
  
  <select id="selectByPrimaryKey" resultMap="ResultMapWithBLOBs" parameterClass="pe.gob.sunat.recurso2.humano.sancion.model.ParamSecundKey" cacheModel="paramSecundCache">
    select cod_tab, cod_tip_desc, num_codigo, des_corta, des_abreviatura, val_param, cod_estado,
      cod_usuregis, fec_regis, cod_usumodif, fec_modif, des_larga, des_glosa
    from t5864parametro
    where cod_tab = #codTab:CHAR#
      and cod_tip_desc = #codTipDesc:CHAR#
      and num_codigo = #numCodigo:CHAR#
  </select>
  
  <delete id="deleteByPrimaryKey" parameterClass="pe.gob.sunat.recurso2.humano.sancion.model.ParamSecundKey" >
    delete from t5864parametro
    where cod_tab = #codTab:CHAR#
      and cod_tip_desc = #codTipDesc:CHAR#
      and num_codigo = #numCodigo:CHAR#
  </delete>
  
  <delete id="deleteByExample" parameterClass="pe.gob.sunat.recurso2.humano.sancion.model.ParamSecundExample" >
    delete from t5864parametro
    <include refid="t5864parametro.Example_Where_Clause" />
  </delete>
  
  <insert id="insert" parameterClass="pe.gob.sunat.recurso2.humano.sancion.model.ParamSecundWithBLOBs" >
    insert into t5864parametro (cod_tab, cod_tip_desc, num_codigo, des_corta, des_abreviatura,
      val_param, cod_estado, cod_usuregis, fec_regis, cod_usumodif, fec_modif, des_larga, des_glosa)
    values (#codTab:CHAR#, #codTipDesc:CHAR#, #numCodigo:CHAR#, #desCorta:VARCHAR#,
      #desAbreviatura:VARCHAR#, #valParam:DECIMAL#, #codEstado:CHAR#, #codUsuregis:VARCHAR#,
      #fecRegis:TIMESTAMP#, #codUsumodif:VARCHAR#, #fecModif:TIMESTAMP#, #desLarga:LONGVARCHAR#,
      #desGlosa:LONGVARCHAR#)
  </insert>
  
  <insert id="insertSelective" parameterClass="pe.gob.sunat.recurso2.humano.sancion.model.ParamSecundWithBLOBs" >
    insert into t5864parametro
    <dynamic prepend="(" >
      <isNotNull prepend="," property="codTab" >
        cod_tab
      </isNotNull>
      <isNotNull prepend="," property="codTipDesc" >
        cod_tip_desc
      </isNotNull>
      <isNotNull prepend="," property="numCodigo" >
        num_codigo
      </isNotNull>
      <isNotNull prepend="," property="desCorta" >
        des_corta
      </isNotNull>
      <isNotNull prepend="," property="desAbreviatura" >
        des_abreviatura
      </isNotNull>
      <isNotNull prepend="," property="valParam" >
        val_param
      </isNotNull>
      <isNotNull prepend="," property="codEstado" >
        cod_estado
      </isNotNull>
      <isNotNull prepend="," property="codUsuregis" >
        cod_usuregis
      </isNotNull>
      <isNotNull prepend="," property="fecRegis" >
        fec_regis
      </isNotNull>
      <isNotNull prepend="," property="codUsumodif" >
        cod_usumodif
      </isNotNull>
      <isNotNull prepend="," property="fecModif" >
        fec_modif
      </isNotNull>
      <isNotNull prepend="," property="desLarga" >
        des_larga
      </isNotNull>
      <isNotNull prepend="," property="desGlosa" >
        des_glosa
      </isNotNull>
      )
    </dynamic>
    values
    <dynamic prepend="(" >
      <isNotNull prepend="," property="codTab" >
        #codTab:CHAR#
      </isNotNull>
      <isNotNull prepend="," property="codTipDesc" >
        #codTipDesc:CHAR#
      </isNotNull>
      <isNotNull prepend="," property="numCodigo" >
        #numCodigo:CHAR#
      </isNotNull>
      <isNotNull prepend="," property="desCorta" >
        #desCorta:VARCHAR#
      </isNotNull>
      <isNotNull prepend="," property="desAbreviatura" >
        #desAbreviatura:VARCHAR#
      </isNotNull>
      <isNotNull prepend="," property="valParam" >
        #valParam:DECIMAL#
      </isNotNull>
      <isNotNull prepend="," property="codEstado" >
        #codEstado:CHAR#
      </isNotNull>
      <isNotNull prepend="," property="codUsuregis" >
        #codUsuregis:VARCHAR#
      </isNotNull>
      <isNotNull prepend="," property="fecRegis" >
        #fecRegis:TIMESTAMP#
      </isNotNull>
      <isNotNull prepend="," property="codUsumodif" >
        #codUsumodif:VARCHAR#
      </isNotNull>
      <isNotNull prepend="," property="fecModif" >
        #fecModif:TIMESTAMP#
      </isNotNull>
      <isNotNull prepend="," property="desLarga" >
        #desLarga:LONGVARCHAR#
      </isNotNull>
      <isNotNull prepend="," property="desGlosa" >
        #desGlosa:LONGVARCHAR#
      </isNotNull>
      )
    </dynamic>
  </insert>
  
  <select id="countByExample" parameterClass="pe.gob.sunat.recurso2.humano.sancion.model.ParamSecundExample" resultClass="java.lang.Integer" >
    select count(*) from t5864parametro
    <include refid="t5864parametro.Example_Where_Clause" />
  </select>
  
  <update id="updateByExampleSelective" >
    update t5864parametro
    <dynamic prepend="set" >
      <isNotNull prepend="," property="record.codTab" >
        cod_tab = #record.codTab:CHAR#
      </isNotNull>
      <isNotNull prepend="," property="record.codTipDesc" >
        cod_tip_desc = #record.codTipDesc:CHAR#
      </isNotNull>
      <isNotNull prepend="," property="record.numCodigo" >
        num_codigo = #record.numCodigo:CHAR#
      </isNotNull>
      <isNotNull prepend="," property="record.desCorta" >
        des_corta = #record.desCorta:VARCHAR#
      </isNotNull>
      <isNotNull prepend="," property="record.desAbreviatura" >
        des_abreviatura = #record.desAbreviatura:VARCHAR#
      </isNotNull>
      <isNotNull prepend="," property="record.valParam" >
        val_param = #record.valParam:DECIMAL#
      </isNotNull>
      <isNotNull prepend="," property="record.codEstado" >
        cod_estado = #record.codEstado:CHAR#
      </isNotNull>
      <isNotNull prepend="," property="record.codUsuregis" >
        cod_usuregis = #record.codUsuregis:VARCHAR#
      </isNotNull>
      <isNotNull prepend="," property="record.fecRegis" >
        fec_regis = #record.fecRegis:TIMESTAMP#
      </isNotNull>
      <isNotNull prepend="," property="record.codUsumodif" >
        cod_usumodif = #record.codUsumodif:VARCHAR#
      </isNotNull>
      <isNotNull prepend="," property="record.fecModif" >
        fec_modif = #record.fecModif:TIMESTAMP#
      </isNotNull>
      <isNotNull prepend="," property="record.desLarga" >
        des_larga = #record.desLarga:LONGVARCHAR#
      </isNotNull>
      <isNotNull prepend="," property="record.desGlosa" >
        des_glosa = #record.desGlosa:LONGVARCHAR#
      </isNotNull>
    </dynamic>
    <isParameterPresent >
      <include refid="t5864parametro.Example_Where_Clause" />
    </isParameterPresent>
  </update>
  
  <update id="updateByExampleWithBLOBs" >
    update t5864parametro
    set cod_tab = #record.codTab:CHAR#,
      cod_tip_desc = #record.codTipDesc:CHAR#,
      num_codigo = #record.numCodigo:CHAR#,
      des_corta = #record.desCorta:VARCHAR#,
      des_abreviatura = #record.desAbreviatura:VARCHAR#,
      val_param = #record.valParam:DECIMAL#,
      cod_estado = #record.codEstado:CHAR#,
      cod_usuregis = #record.codUsuregis:VARCHAR#,
      fec_regis = #record.fecRegis:TIMESTAMP#,
      cod_usumodif = #record.codUsumodif:VARCHAR#,
      fec_modif = #record.fecModif:TIMESTAMP#,
      des_larga = #record.desLarga:LONGVARCHAR#,
      des_glosa = #record.desGlosa:LONGVARCHAR#
    <isParameterPresent >
      <include refid="t5864parametro.Example_Where_Clause" />
    </isParameterPresent>
  </update>
  
  <update id="updateByExample" >
    update t5864parametro
    set cod_tab = #record.codTab:CHAR#,
      cod_tip_desc = #record.codTipDesc:CHAR#,
      num_codigo = #record.numCodigo:CHAR#,
      des_corta = #record.desCorta:VARCHAR#,
      des_abreviatura = #record.desAbreviatura:VARCHAR#,
      val_param = #record.valParam:DECIMAL#,
      cod_estado = #record.codEstado:CHAR#,
      cod_usuregis = #record.codUsuregis:VARCHAR#,
      fec_regis = #record.fecRegis:TIMESTAMP#,
      cod_usumodif = #record.codUsumodif:VARCHAR#,
      fec_modif = #record.fecModif:TIMESTAMP#
    <isParameterPresent >
      <include refid="t5864parametro.Example_Where_Clause" />
    </isParameterPresent>
  </update>
  
  <update id="updateByPrimaryKeySelective" parameterClass="pe.gob.sunat.recurso2.humano.sancion.model.ParamSecundWithBLOBs" >
    update t5864parametro
    <dynamic prepend="set" >
      <isNotNull prepend="," property="desCorta" >
        des_corta = #desCorta:VARCHAR#
      </isNotNull>
      <isNotNull prepend="," property="desAbreviatura" >
        des_abreviatura = #desAbreviatura:VARCHAR#
      </isNotNull>
      <isNotNull prepend="," property="valParam" >
        val_param = #valParam:DECIMAL#
      </isNotNull>
      <isNotNull prepend="," property="codEstado" >
        cod_estado = #codEstado:CHAR#
      </isNotNull>
      <isNotNull prepend="," property="codUsuregis" >
        cod_usuregis = #codUsuregis:VARCHAR#
      </isNotNull>
      <isNotNull prepend="," property="fecRegis" >
        fec_regis = #fecRegis:TIMESTAMP#
      </isNotNull>
      <isNotNull prepend="," property="codUsumodif" >
        cod_usumodif = #codUsumodif:VARCHAR#
      </isNotNull>
      <isNotNull prepend="," property="fecModif" >
        fec_modif = #fecModif:TIMESTAMP#
      </isNotNull>
      <isNotNull prepend="," property="desLarga" >
        des_larga = #desLarga:LONGVARCHAR#
      </isNotNull>
      <isNotNull prepend="," property="desGlosa" >
        des_glosa = #desGlosa:LONGVARCHAR#
      </isNotNull>
    </dynamic>
    where cod_tab = #codTab:CHAR#
      and cod_tip_desc = #codTipDesc:CHAR#
      and num_codigo = #numCodigo:CHAR#
  </update>
  
  <update id="updateByPrimaryKeyWithBLOBs" parameterClass="pe.gob.sunat.recurso2.humano.sancion.model.ParamSecundWithBLOBs" >
    update t5864parametro
    set des_corta = #desCorta:VARCHAR#,
      des_abreviatura = #desAbreviatura:VARCHAR#,
      val_param = #valParam:DECIMAL#,
      cod_estado = #codEstado:CHAR#,
      cod_usuregis = #codUsuregis:VARCHAR#,
      fec_regis = #fecRegis:TIMESTAMP#,
      cod_usumodif = #codUsumodif:VARCHAR#,
      fec_modif = #fecModif:TIMESTAMP#,
      des_larga = #desLarga:LONGVARCHAR#,
      des_glosa = #desGlosa:LONGVARCHAR#
    where cod_tab = #codTab:CHAR#
      and cod_tip_desc = #codTipDesc:CHAR#
      and num_codigo = #numCodigo:CHAR#
  </update>
  
  <update id="updateByPrimaryKey" parameterClass="pe.gob.sunat.recurso2.humano.sancion.model.ParamSecund" >
    update t5864parametro
    set des_corta = #desCorta:VARCHAR#,
      des_abreviatura = #desAbreviatura:VARCHAR#,
      val_param = #valParam:DECIMAL#,
      cod_estado = #codEstado:CHAR#,
      cod_usuregis = #codUsuregis:VARCHAR#,
      fec_regis = #fecRegis:TIMESTAMP#,
      cod_usumodif = #codUsumodif:VARCHAR#,
      fec_modif = #fecModif:TIMESTAMP#
    where cod_tab = #codTab:CHAR#
      and cod_tip_desc = #codTipDesc:CHAR#
      and num_codigo = #numCodigo:CHAR#
  </update>
  
  <!-- personalizados -->
  
  <select id="selectByPrimaryKeyBasic" resultClass="pe.gob.sunat.recurso2.humano.sancion.bean.Parametro" parameterClass="pe.gob.sunat.recurso2.humano.sancion.model.ParamSecundKey" cacheModel="paramSecundCache">
    select num_codigo as codParametro, des_larga as desParametro  
    from t5864parametro
    where cod_tab = #codTab:CHAR#
      and cod_tip_desc = #codTipDesc:CHAR#
      and num_codigo = #numCodigo:CHAR#
  </select>
  
</sqlMap>