<?xml version="1.0" encoding="UTF-8" ?>
<!DOCTYPE sqlMap PUBLIC "-//ibatis.apache.org//DTD SQL Map 2.0//EN" "http://ibatis.apache.org/dtd/sql-map-2.dtd" >
<sqlMap namespace="t8151archivodet" >
  <resultMap id="BaseResultMap" class="pe.gob.sunat.recurso2.humano.sancion.model.ArchivoDet" >
    <result column="num_arcdet" property="numArcdet" jdbcType="INTEGER" />
    <result column="num_archivo" property="numArchivo" jdbcType="INTEGER" />
    <result column="num_seqdoc" property="numSeqdoc" jdbcType="INTEGER" />
    <result column="fec_carga" property="fecCarga" jdbcType="TIMESTAMP" />
    <result column="cod_tiparc" property="codTiparc" jdbcType="VARCHAR" />
    <result column="nom_archivo" property="nomArchivo" jdbcType="VARCHAR" />
    <result column="des_archivo" property="desArchivo" jdbcType="VARCHAR" />
    <result column="cod_usucrea" property="codUsucrea" jdbcType="VARCHAR" />
    <result column="fec_creacion" property="fecCreacion" jdbcType="TIMESTAMP" />
    <result column="cod_usumodif" property="codUsumodif" jdbcType="VARCHAR" />
    <result column="fec_modif" property="fecModif" jdbcType="TIMESTAMP" />
    <result column="ind_del" property="indDel" jdbcType="CHAR" />
  </resultMap>
  
  <resultMap id="ResultMapWithBLOBs" class="pe.gob.sunat.recurso2.humano.sancion.model.ArchivoDet" extends="t8151archivodet.BaseResultMap" >
    <result column="arc_adjunto" property="arcAdjunto" jdbcType="BLOB" />
  </resultMap>
  
  <sql id="Example_Where_Clause" >
    <iterate property="oredCriteria" conjunction="or" prepend="where" removeFirstPrepend="iterate" >
      <isEqual property="oredCriteria[].valid" compareValue="true" >
        (
        <iterate prepend="and" property="oredCriteria[].criteriaWithoutValue" conjunction="and" >
          $oredCriteria[].criteriaWithoutValue[]$
        </iterate>
        <iterate prepend="and" property="oredCriteria[].criteriaWithSingleValue" conjunction="and" >
          $oredCriteria[].criteriaWithSingleValue[].condition$
            #oredCriteria[].criteriaWithSingleValue[].value#
        </iterate>
        <iterate prepend="and" property="oredCriteria[].criteriaWithListValue" conjunction="and" >
          $oredCriteria[].criteriaWithListValue[].condition$
          <iterate property="oredCriteria[].criteriaWithListValue[].values" open="(" close=")" conjunction="," >
            #oredCriteria[].criteriaWithListValue[].values[]#
          </iterate>
        </iterate>
        <iterate prepend="and" property="oredCriteria[].criteriaWithBetweenValue" conjunction="and" >
          $oredCriteria[].criteriaWithBetweenValue[].condition$
          #oredCriteria[].criteriaWithBetweenValue[].values[0]# and
          #oredCriteria[].criteriaWithBetweenValue[].values[1]#
        </iterate>
        )
      </isEqual>
    </iterate>
  </sql>
  
  <select id="selectByExampleWithBLOBs" resultMap="ResultMapWithBLOBs" parameterClass="pe.gob.sunat.recurso2.humano.sancion.model.ArchivoDetExample" >
    select num_arcdet, num_archivo, num_seqdoc, fec_carga, cod_tiparc, nom_archivo, des_archivo,
      cod_usucrea, fec_creacion, cod_usumodif, fec_modif, ind_del, arc_adjunto
    from t8151archivodet
    <isParameterPresent >
      <include refid="t8151archivodet.Example_Where_Clause" />
      <isNotNull property="orderByClause" >
        order by $orderByClause$
      </isNotNull>
    </isParameterPresent>
  </select>
  
  <select id="selectByExample" resultMap="BaseResultMap" parameterClass="pe.gob.sunat.recurso2.humano.sancion.model.ArchivoDetExample" >
    select num_arcdet, num_archivo, num_seqdoc, fec_carga, cod_tiparc, nom_archivo, des_archivo,
      cod_usucrea, fec_creacion, cod_usumodif, fec_modif, ind_del
    from t8151archivodet
    <isParameterPresent >
      <include refid="t8151archivodet.Example_Where_Clause" />
      <isNotNull property="orderByClause" >
        order by $orderByClause$
      </isNotNull>
    </isParameterPresent>
  </select>
  
  <select id="selectByPrimaryKey" resultMap="ResultMapWithBLOBs" parameterClass="pe.gob.sunat.recurso2.humano.sancion.model.ArchivoDetKey" >
    select num_arcdet, num_archivo, num_seqdoc, fec_carga, cod_tiparc, nom_archivo, des_archivo,
      cod_usucrea, fec_creacion, cod_usumodif, fec_modif, ind_del, arc_adjunto
    from t8151archivodet
    where num_arcdet = #numArcdet:INTEGER#
      and num_archivo = #numArchivo:INTEGER#
  </select>
  
  <delete id="deleteByPrimaryKey" parameterClass="pe.gob.sunat.recurso2.humano.sancion.model.ArchivoDetKey" >
    delete from t8151archivodet
    where num_arcdet = #numArcdet:INTEGER#
      and num_archivo = #numArchivo:INTEGER#
  </delete>
  
  <delete id="deleteByExample" parameterClass="pe.gob.sunat.recurso2.humano.sancion.model.ArchivoDetExample" >
    delete from t8151archivodet
    <include refid="t8151archivodet.Example_Where_Clause" />
  </delete>
  
  <insert id="insert" parameterClass="pe.gob.sunat.recurso2.humano.sancion.model.ArchivoDet" >
    insert into t8151archivodet (num_arcdet, num_archivo, num_seqdoc, fec_carga, cod_tiparc,
      nom_archivo, des_archivo, cod_usucrea, fec_creacion, cod_usumodif, fec_modif, ind_del,
      arc_adjunto)
    values (#numArcdet:INTEGER#, #numArchivo:INTEGER#, #numSeqdoc:INTEGER#, #fecCarga:TIMESTAMP#,
      #codTiparc:VARCHAR#, #nomArchivo:VARCHAR#, #desArchivo:VARCHAR#, #codUsucrea:VARCHAR#,
      #fecCreacion:TIMESTAMP#, #codUsumodif:VARCHAR#, #fecModif:TIMESTAMP#, #indDel:CHAR#,
      #arcAdjunto:BLOB#)
  </insert>
  
  <insert id="insertSelective" parameterClass="pe.gob.sunat.recurso2.humano.sancion.model.ArchivoDet" >
    insert into t8151archivodet
    <dynamic prepend="(" >
      <isNotNull prepend="," property="numArcdet" >
        num_arcdet
      </isNotNull>
      <isNotNull prepend="," property="numArchivo" >
        num_archivo
      </isNotNull>
      <isNotNull prepend="," property="numSeqdoc" >
        num_seqdoc
      </isNotNull>
      <isNotNull prepend="," property="fecCarga" >
        fec_carga
      </isNotNull>
      <isNotNull prepend="," property="codTiparc" >
        cod_tiparc
      </isNotNull>
      <isNotNull prepend="," property="nomArchivo" >
        nom_archivo
      </isNotNull>
      <isNotNull prepend="," property="desArchivo" >
        des_archivo
      </isNotNull>
      <isNotNull prepend="," property="codUsucrea" >
        cod_usucrea
      </isNotNull>
      <isNotNull prepend="," property="fecCreacion" >
        fec_creacion
      </isNotNull>
      <isNotNull prepend="," property="codUsumodif" >
        cod_usumodif
      </isNotNull>
      <isNotNull prepend="," property="fecModif" >
        fec_modif
      </isNotNull>
      <isNotNull prepend="," property="indDel" >
        ind_del
      </isNotNull>
      <isNotNull prepend="," property="arcAdjunto" >
        arc_adjunto
      </isNotNull>
      )
    </dynamic>
    values
    <dynamic prepend="(" >
      <isNotNull prepend="," property="numArcdet" >
        #numArcdet:INTEGER#
      </isNotNull>
      <isNotNull prepend="," property="numArchivo" >
        #numArchivo:INTEGER#
      </isNotNull>
      <isNotNull prepend="," property="numSeqdoc" >
        #numSeqdoc:INTEGER#
      </isNotNull>
      <isNotNull prepend="," property="fecCarga" >
        #fecCarga:TIMESTAMP#
      </isNotNull>
      <isNotNull prepend="," property="codTiparc" >
        #codTiparc:VARCHAR#
      </isNotNull>
      <isNotNull prepend="," property="nomArchivo" >
        #nomArchivo:VARCHAR#
      </isNotNull>
      <isNotNull prepend="," property="desArchivo" >
        #desArchivo:VARCHAR#
      </isNotNull>
      <isNotNull prepend="," property="codUsucrea" >
        #codUsucrea:VARCHAR#
      </isNotNull>
      <isNotNull prepend="," property="fecCreacion" >
        #fecCreacion:TIMESTAMP#
      </isNotNull>
      <isNotNull prepend="," property="codUsumodif" >
        #codUsumodif:VARCHAR#
      </isNotNull>
      <isNotNull prepend="," property="fecModif" >
        #fecModif:TIMESTAMP#
      </isNotNull>
      <isNotNull prepend="," property="indDel" >
        #indDel:CHAR#
      </isNotNull>
      <isNotNull prepend="," property="arcAdjunto" >
        #arcAdjunto:BLOB#
      </isNotNull>
      )
    </dynamic>
  </insert>
  
  <select id="countByExample" parameterClass="pe.gob.sunat.recurso2.humano.sancion.model.ArchivoDetExample" resultClass="java.lang.Integer" >
    select count(*) from t8151archivodet
    <include refid="t8151archivodet.Example_Where_Clause" />
  </select>
  
  <update id="updateByExampleSelective" >
    update t8151archivodet
    <dynamic prepend="set" >
      <isNotNull prepend="," property="record.numArcdet" >
        num_arcdet = #record.numArcdet:INTEGER#
      </isNotNull>
      <isNotNull prepend="," property="record.numArchivo" >
        num_archivo = #record.numArchivo:INTEGER#
      </isNotNull>
      <isNotNull prepend="," property="record.numSeqdoc" >
        num_seqdoc = #record.numSeqdoc:INTEGER#
      </isNotNull>
      <isNotNull prepend="," property="record.fecCarga" >
        fec_carga = #record.fecCarga:TIMESTAMP#
      </isNotNull>
      <isNotNull prepend="," property="record.codTiparc" >
        cod_tiparc = #record.codTiparc:VARCHAR#
      </isNotNull>
      <isNotNull prepend="," property="record.nomArchivo" >
        nom_archivo = #record.nomArchivo:VARCHAR#
      </isNotNull>
      <isNotNull prepend="," property="record.desArchivo" >
        des_archivo = #record.desArchivo:VARCHAR#
      </isNotNull>
      <isNotNull prepend="," property="record.codUsucrea" >
        cod_usucrea = #record.codUsucrea:VARCHAR#
      </isNotNull>
      <isNotNull prepend="," property="record.fecCreacion" >
        fec_creacion = #record.fecCreacion:TIMESTAMP#
      </isNotNull>
      <isNotNull prepend="," property="record.codUsumodif" >
        cod_usumodif = #record.codUsumodif:VARCHAR#
      </isNotNull>
      <isNotNull prepend="," property="record.fecModif" >
        fec_modif = #record.fecModif:TIMESTAMP#
      </isNotNull>
      <isNotNull prepend="," property="record.indDel" >
        ind_del = #record.indDel:CHAR#
      </isNotNull>
      <isNotNull prepend="," property="record.arcAdjunto" >
        arc_adjunto = #record.arcAdjunto:BLOB#
      </isNotNull>
    </dynamic>
    <isParameterPresent >
      <include refid="t8151archivodet.Example_Where_Clause" />
    </isParameterPresent>
  </update>
  
  <update id="updateByExampleWithBLOBs" >
    update t8151archivodet
    set num_arcdet = #record.numArcdet:INTEGER#,
      num_archivo = #record.numArchivo:INTEGER#,
      num_seqdoc = #record.numSeqdoc:INTEGER#,
      fec_carga = #record.fecCarga:TIMESTAMP#,
      cod_tiparc = #record.codTiparc:VARCHAR#,
      nom_archivo = #record.nomArchivo:VARCHAR#,
      des_archivo = #record.desArchivo:VARCHAR#,
      cod_usucrea = #record.codUsucrea:VARCHAR#,
      fec_creacion = #record.fecCreacion:TIMESTAMP#,
      cod_usumodif = #record.codUsumodif:VARCHAR#,
      fec_modif = #record.fecModif:TIMESTAMP#,
      ind_del = #record.indDel:CHAR#,
      arc_adjunto = #record.arcAdjunto:BLOB#
    <isParameterPresent >
      <include refid="t8151archivodet.Example_Where_Clause" />
    </isParameterPresent>
  </update>
  
  <update id="updateByExample" >
    update t8151archivodet
    set num_arcdet = #record.numArcdet:INTEGER#,
      num_archivo = #record.numArchivo:INTEGER#,
      num_seqdoc = #record.numSeqdoc:INTEGER#,
      fec_carga = #record.fecCarga:TIMESTAMP#,
      cod_tiparc = #record.codTiparc:VARCHAR#,
      nom_archivo = #record.nomArchivo:VARCHAR#,
      des_archivo = #record.desArchivo:VARCHAR#,
      cod_usucrea = #record.codUsucrea:VARCHAR#,
      fec_creacion = #record.fecCreacion:TIMESTAMP#,
      cod_usumodif = #record.codUsumodif:VARCHAR#,
      fec_modif = #record.fecModif:TIMESTAMP#,
      ind_del = #record.indDel:CHAR#
    <isParameterPresent >
      <include refid="t8151archivodet.Example_Where_Clause" />
    </isParameterPresent>
  </update>
  
  <update id="updateByPrimaryKeySelective" parameterClass="pe.gob.sunat.recurso2.humano.sancion.model.ArchivoDet" >
    update t8151archivodet
    <dynamic prepend="set" >
      <isNotNull prepend="," property="numSeqdoc" >
        num_seqdoc = #numSeqdoc:INTEGER#
      </isNotNull>
      <isNotNull prepend="," property="fecCarga" >
        fec_carga = #fecCarga:TIMESTAMP#
      </isNotNull>
      <isNotNull prepend="," property="codTiparc" >
        cod_tiparc = #codTiparc:VARCHAR#
      </isNotNull>
      <isNotNull prepend="," property="nomArchivo" >
        nom_archivo = #nomArchivo:VARCHAR#
      </isNotNull>
      <isNotNull prepend="," property="desArchivo" >
        des_archivo = #desArchivo:VARCHAR#
      </isNotNull>
      <isNotNull prepend="," property="codUsucrea" >
        cod_usucrea = #codUsucrea:VARCHAR#
      </isNotNull>
      <isNotNull prepend="," property="fecCreacion" >
        fec_creacion = #fecCreacion:TIMESTAMP#
      </isNotNull>
      <isNotNull prepend="," property="codUsumodif" >
        cod_usumodif = #codUsumodif:VARCHAR#
      </isNotNull>
      <isNotNull prepend="," property="fecModif" >
        fec_modif = #fecModif:TIMESTAMP#
      </isNotNull>
      <isNotNull prepend="," property="indDel" >
        ind_del = #indDel:CHAR#
      </isNotNull>
      <isNotNull prepend="," property="arcAdjunto" >
        arc_adjunto = #arcAdjunto:BLOB#
      </isNotNull>
    </dynamic>
    where num_arcdet = #numArcdet:INTEGER#
      and num_archivo = #numArchivo:INTEGER#
  </update>
  
  <update id="updateByPrimaryKeyWithBLOBs" parameterClass="pe.gob.sunat.recurso2.humano.sancion.model.ArchivoDet" >
    update t8151archivodet
    set num_seqdoc = #numSeqdoc:INTEGER#,
      fec_carga = #fecCarga:TIMESTAMP#,
      cod_tiparc = #codTiparc:VARCHAR#,
      nom_archivo = #nomArchivo:VARCHAR#,
      des_archivo = #desArchivo:VARCHAR#,
      cod_usucrea = #codUsucrea:VARCHAR#,
      fec_creacion = #fecCreacion:TIMESTAMP#,
      cod_usumodif = #codUsumodif:VARCHAR#,
      fec_modif = #fecModif:TIMESTAMP#,
      ind_del = #indDel:CHAR#,
      arc_adjunto = #arcAdjunto:BLOB#
    where num_arcdet = #numArcdet:INTEGER#
      and num_archivo = #numArchivo:INTEGER#
  </update>
  
  <update id="updateByPrimaryKey" parameterClass="pe.gob.sunat.recurso2.humano.sancion.model.ArchivoDet" >
    update t8151archivodet
    set num_seqdoc = #numSeqdoc:INTEGER#,
      fec_carga = #fecCarga:TIMESTAMP#,
      cod_tiparc = #codTiparc:VARCHAR#,
      nom_archivo = #nomArchivo:VARCHAR#,
      des_archivo = #desArchivo:VARCHAR#,
      cod_usucrea = #codUsucrea:VARCHAR#,
      fec_creacion = #fecCreacion:TIMESTAMP#,
      cod_usumodif = #codUsumodif:VARCHAR#,
      fec_modif = #fecModif:TIMESTAMP#,
      ind_del = #indDel:CHAR#
    where num_arcdet = #numArcdet:INTEGER#
      and num_archivo = #numArchivo:INTEGER#
  </update>
  
</sqlMap>